﻿ID,mun_name,dep,fb_users_pre
5002,Abejorral,ANTIOQUIA,2000
50006,Acacías,META,36000
27006,Acandí,CHOCO,2000
41006,Acevedo,HUILA,11000
13006,Achí,BOLIVAR,1400
41013,Agrado,HUILA,2400
25001,Agua de Dios,CUNDINAMARCA,3900
20011,Aguachica,CESAR,49000
17013,Aguadas,CALDAS,7300
85010,Aguazul,CASANARE,15000
20013,Agustín Codazzi,CESAR,16000
41016,Aipe,HUILA,4700
44035,Albania,LA GUAJIRA,11000
76020,Alcalá,VALLE DEL CAUCA,3100
41020,Algeciras,HUILA,7000
19022,Almaguer,CAUCA,1900
27025,Alto Baudo,CHOCO,1000
13030,Altos del Rosario,BOLIVAR,1200
73026,Alvarado,TOLIMA,1000
5030,Amagá,ANTIOQUIA,13000
5031,Amalfi,ANTIOQUIA,5500
25035,Anapoima,CUNDINAMARCA,7300
27450,Andagoya,CHOCO,1000
76036,Andalucía,VALLE DEL CAUCA,8900
5034,Andes,ANTIOQUIA,7300
5036,Angelópolis,ANTIOQUIA,1000
5038,Angostura,ANTIOQUIA,1700
25040,Anolaima,CUNDINAMARCA,2900
5040,Anorí,ANTIOQUIA,5300
76041,Ansermanuevo,VALLE DEL CAUCA,4800
5042,Antioquia,ANTIOQUIA,6700
73043,Anzoátegui,TOLIMA,1000
5045,Apartadó,ANTIOQUIA,80000
66045,Apía,RISARALDA,3100
25599,Apulo,CUNDINAMARCA,1700
15047,Aquitania,BOYACA,4000
47053,Aracataca,MAGDALENA,10000
17050,Aranzazu,CALDAS,1400
81001,Arauca,ARAUCA,50000
81065,Arauquita,ARAUCA,26000
25053,Arbeláez,CUNDINAMARCA,1200
52051,Arboleda,NARINO,1000
54051,Arboledas,NORTE DE SANTANDER,1400
5051,Arboletes,ANTIOQUIA,8300
13042,Arenal,BOLIVAR,1900
19050,Argelia,CAUCA,14000
47058,Ariguaní,MAGDALENA,1000
13052,Arjona,BOLIVAR,10000
73055,Armero,TOLIMA,3500
13062,Arroyohondo,BOLIVAR,1000
20032,Astrea,CESAR,6500
73067,Ataco,TOLIMA,3500
23068,Ayapel,CORDOBA,14000
27075,Bahía Solano,CHOCO,3500
19075,Balboa,CAUCA,7000
8078,Baranoa,ATLANTICO,14000
41078,Baraya,HUILA,1000
52079,Barbacoas,NARINO,2800
5079,Barbosa,ANTIOQUIA,18000
68077,Barbosa,SANTANDER,22000
44078,Barrancas,LA GUAJIRA,14000
13074,Barranco de Loba,BOLIVAR,2100
20045,Becerril,CESAR,11000
17088,Belalcázar,CALDAS,1400
18094,Belén de Los Andaquies,CAQUETA,1800
66088,Belén de Umbría,RISARALDA,9700
52083,Belén,NARINO,4200
5091,Betania,ANTIOQUIA,1500
5093,Betulia,ANTIOQUIA,3200
25099,Bojacá,CUNDINAMARCA,1000
19100,Bolívar,CAUCA,8000
68101,Bolívar,SANTANDER,1800
76100,Bolívar,VALLE DEL CAUCA,3000
20060,Bosconia,CESAR,18000
54003,Brego,NORTE DE SANTANDER,6400
5107,Briceño,ANTIOQUIA,1600
70110,Buenavista,SUCRE,2800
19110,Buenos Aires,CAUCA,2800
52110,Buesaco,NARINO,3800
76113,Bugalagrande,VALLE DEL CAUCA,7600
5120,Cáceres,ANTIOQUIA,8700
54128,Cachirá,NORTE DE SANTANDER,1800
5125,Caicedo,ANTIOQUIA,1400
76122,Caicedonia,VALLE DEL CAUCA,15000
73124,Cajamarca,TOLIMA,7000
19130,Cajibío,CAUCA,2000
25126,Cajicá,CUNDINAMARCA,37000
13140,Calamar,BOLIVAR,2700
63130,Calarca,QUINDIO,22000
5129,Caldas,ANTIOQUIA,18000
19137,Caldono,CAUCA,3800
76126,Calima,VALLE DEL CAUCA,9400
19142,Caloto,CAUCA,8500
5134,Campamento,ANTIOQUIA,1400
8137,Campo de La Cruz,ATLANTICO,1100
41132,Campoalegre,HUILA,9400
23090,Canalete,CORDOBA,1000
5138,Cañasgordas,ANTIOQUIA,2500
8141,Candelaria,ATLANTICO,1000
76130,Candelaria,VALLE DEL CAUCA,40000
13160,Cantagallo,BOLIVAR,3400
25148,Caparrapí,CUNDINAMARCA,2600
25151,Caqueza,CUNDINAMARCA,9100
5147,Carepa,ANTIOQUIA,32000
73148,Carmen de Apicalá,TOLIMA,4100
25154,Carmen de Carupa,CUNDINAMARCA,1000
18150,Cartagena del Chairá,CAQUETA,11000
76147,Cartago,VALLE DEL CAUCA,87000
50150,Castilla la Nueva,META,9800
5154,Caucasia,ANTIOQUIA,42000
23162,Cereté,CORDOBA,24000
27160,Cértegui,CHOCO,1000
52240,Chachagüí,NARINO,1000
73168,Chaparral,TOLIMA,15000
68167,Charalá,SANTANDER,3100
25175,Chía,CUNDINAMARCA,72000
47170,Chibolo,MAGDALENA,2400
5172,Chigorodó,ANTIOQUIA,42000
23168,Chimá,CORDOBA,1000
20175,Chimichagua,CESAR,1000
54172,Chinácota,NORTE DE SANTANDER,8600
17174,Chinchiná,CALDAS,21000
23182,Chinú,CORDOBA,10000
25178,Chipaque,CUNDINAMARCA,1200
15176,Chiquinquirá,BOYACA,36000
20178,Chiriguaná,CESAR,1000
15183,Chita,BOYACA,1100
54174,Chitagá,NORTE DE SANTANDER,5100
25181,Choachí,CUNDINAMARCA,3900
25183,Chocontá,CUNDINAMARCA,8600
13188,Cicuco,BOLIVAR,2900
23189,Ciénaga de Oro,CORDOBA,1000
47189,Ciénaga,MAGDALENA,67000
68190,Cimitarra,SANTANDER,9000
63190,Circasia,QUINDIO,9500
5190,Cisneros,ANTIOQUIA,2800
5101,Ciudad Bolívar,ANTIOQUIA,12000
13222,Clemencia,BOLIVAR,1000
5197,Cocorná,ANTIOQUIA,3400
73200,Coello,TOLIMA,1000
25200,Cogua,CUNDINAMARCA,9800
41206,Colombia,HUILA,2800
52203,Colón,NARINO,1000
15204,Cómbita,BOYACA,1000
5209,Concordia,ANTIOQUIA,3000
27205,Condoto,CHOCO,3200
52207,Consaca,NARINO,1500
54206,Convención,NORTE DE SANTANDER,8800
5212,Copacabana,ANTIOQUIA,19000
13212,Córdoba,BOLIVAR,1000
52215,Córdoba,NARINO,1000
19212,Corinto,CAUCA,15000
70215,Corozal,SUCRE,26000
25214,Cota,CUNDINAMARCA,10000
23300,Cotorra,CORDOBA,4200
70221,Coveñas,SUCRE,8700
73217,Coyaima,TOLIMA,1000
52224,Cuaspud,NARINO,1000
99773,Cumaribo,VICHADA,3100
52227,Cumbal,NARINO,9000
52233,Cumbitara,NARINO,1900
73226,Cunday,TOLIMA,1300
18205,Curillo,CAQUETA,2600
68229,Curití,SANTANDER,4600
20228,Curumaní,CESAR,17000
5234,Dabeiba,ANTIOQUIA,4400
76233,Dagua,VALLE DEL CAUCA,12000
44090,Dibulla,LA GUAJIRA,7700
44098,Distracción,LA GUAJIRA,3700
73236,Dolores,TOLIMA,1900
5237,Don Matías,ANTIOQUIA,4500
15238,Duitama,BOYACA,88000
5240,Ebéjico,ANTIOQUIA,1000
5250,El Bagre,ANTIOQUIA,24000
47245,El Banco,MAGDALENA,22000
76246,El Cairo,VALLE DEL CAUCA,2200
13244,El Carmen de Bolívar,BOLIVAR,20000
68235,El Carmen de Chucurí,SANTANDER,1600
5148,El Carmen de Viboral,ANTIOQUIA,10000
54245,El Carmen,NORTE DE SANTANDER,1000
76248,El Cerrito,VALLE DEL CAUCA,16000
52250,El Charco,NARINO,1000
20238,El Copey,CESAR,12000
18247,El Doncello,CAQUETA,8800
76250,El Dovio,VALLE DEL CAUCA,4000
13248,El Guamo,BOLIVAR,1000
76243,El Guila,VALLE DEL CAUCA,1200
44110,El Molino,LA GUAJIRA,3300
20250,El Paso,CESAR,12000
18256,El Paujil,CAQUETA,4500
13268,El Peñón,BOLIVAR,1000
47258,El Piñon,MAGDALENA,1000
68255,El Playón,SANTANDER,2700
47268,El Retén,MAGDALENA,4500
95025,El Retorno,GUAVIARE,1900
70233,El Roble,SUCRE,1000
25260,El Rosal,CUNDINAMARCA,14000
52256,El Rosario,NARINO,1000
52258,El Tablón de Gómez,NARINO,1000
52260,El Tambo,NARINO,2900
19256,El Tambo,CAUCA,1400
54250,El Tarra,NORTE DE SANTANDER,14000
54261,El Zulia,NORTE DE SANTANDER,5300
5264,Entrerrios,ANTIOQUIA,1900
73268,Espinal,TOLIMA,37000
25269,Facatativá,CUNDINAMARCA,64000
73270,Falan,TOLIMA,1100
17272,Filadelfia,CALDAS,2200
63272,Filandia,QUINDIO,2400
73275,Flandes,TOLIMA,5700
18001,Florencia,CAQUETA,130000
76275,Florida,VALLE DEL CAUCA,20000
25279,Fomeque,CUNDINAMARCA,3600
44279,Fonseca,LA GUAJIRA,15000
81300,Fortul,ARAUCA,7500
25281,Fosca,CUNDINAMARCA,1900
52520,Francisco Pizarro,NARINO,1000
5282,Fredonia,ANTIOQUIA,2100
73283,Fresno,TOLIMA,13000
5284,Frontino,ANTIOQUIA,1000
50287,Fuente de Oro,META,6100
47288,Fundación,MAGDALENA,26000
25286,Funza,CUNDINAMARCA,35000
25290,Fusagasugá,CUNDINAMARCA,65000
25295,Gachancipá,CUNDINAMARCA,7100
25297,Gachetá,CUNDINAMARCA,1500
8296,Galapa,ATLANTICO,4200
70235,Galeras,SUCRE,5300
20295,Gamarra,CESAR,4500
15299,Garagoa,BOYACA,4400
41298,Garzón,HUILA,44000
41306,Gigante,HUILA,9800
76306,Ginebra,VALLE DEL CAUCA,10000
25307,Girardot,CUNDINAMARCA,72000
5310,Gómez Plata,ANTIOQUIA,2000
5313,Granada,ANTIOQUIA,1600
25312,Granada,CUNDINAMARCA,1000
50313,Granada,META,28000
76318,Guacarí,VALLE DEL CAUCA,16000
19300,Guachené,CAUCA,5500
25317,Guachetá,CUNDINAMARCA,7400
52317,Guachucal,NARINO,4400
76111,Guadalajara de Buga,VALLE DEL CAUCA,77000
41319,Guadalupe,HUILA,3900
25320,Guaduas,CUNDINAMARCA,11000
52320,Guaitarilla,NARINO,1000
47318,Guamal,MAGDALENA,5400
50318,Guamal,META,8900
73319,Guamo,TOLIMA,8100
19318,Guapi,CAUCA,4000
5318,Guarne,ANTIOQUIA,19000
25322,Guasca,CUNDINAMARCA,3100
15322,Guateque,BOYACA,3900
66318,Guática,RISARALDA,4100
54344,Hacarí,NORTE DE SANTANDER,2300
13300,Hatillo de Loba,BOLIVAR,1000
85125,Hato Corozal,CASANARE,6100
44378,Hato Nuevo,LA GUAJIRA,7700
73347,Herveo,TOLIMA,1100
73349,Honda,TOLIMA,15000
73352,Icononzo,TOLIMA,2300
52352,Iles,NARINO,1000
94001,Inírida,GUAINIA,13000
19355,Inzá,CAUCA,5600
52356,Ipiales,NARINO,85000
41359,Isnos,HUILA,7100
27361,Istmina,CHOCO,8500
5361,Ituango,ANTIOQUIA,5200
19364,Jambaló,CAUCA,2100
76364,Jamundí,CAUCA,39000
5364,Jardín,ANTIOQUIA,2700
15367,Jenesano,BOYACA,1200
5368,Jericó,ANTIOQUIA,4400
8372,Juan de Acosta,ATLANTICO,1400
25372,Junín,CUNDINAMARCA,1200
41378,La Argentina,HUILA,6900
5376,La Ceja,ANTIOQUIA,27000
66383,La Celia,RISARALDA,1900
52378,La Cruz,NARINO,4600
17380,La Dorada,CALDAS,35000
54385,La Esperanza,NORTE DE SANTANDER,1300
5380,La Estrella,ANTIOQUIA,11000
52381,La Florida,NARINO,1000
20383,La Gloria,CESAR,4700
20400,La Jagua de Ibirico,CESAR,23000
50350,La Macarena,META,4100
18410,La Montañita,CAQUETA,1700
25394,La Palma,CUNDINAMARCA,1600
20621,La Paz,CESAR,8800
41396,La Plata,HUILA,16000
54398,La Playa,NORTE DE SANTANDER,1800
99524,La Primavera,VICHADA,3300
19392,La Sierra,CAUCA,2700
63401,La Tebaida,QUINDIO,15000
52390,La Tola,NARINO,1000
5400,La Unión,ANTIOQUIA,6300
52399,La Unión,NARINO,16000
70400,La Unión,SUCRE,2900
76400,La Unión,VALLE DEL CAUCA,15000
19397,La Vega,CAUCA,1100
25402,La Vega,CUNDINAMARCA,6700
76403,La Victoria,VALLE DEL CAUCA,5300
66400,La Virginia,RISARALDA,20000
68385,Landázuri,SANTANDER,5800
68406,Lebríja,SANTANDER,15000
86573,Leguízamo,PUTUMAYO,1000
52405,Leiva,NARINO,2800
50400,Lejanías,META,5300
25407,Lenguazaque,CUNDINAMARCA,3500
73408,Lérida,TOLIMA,6200
91001,Leticia,AMAZONAS,14000
73411,Líbano,TOLIMA,12000
5411,Liborina,ANTIOQUIA,2000
52411,Linares,NARINO,1500
27413,Lloró,CHOCO,1000
19418,López,CAUCA,1000
23417,Lorica,CORDOBA,44000
52418,Los Andes,NARINO,2400
23419,Los Córdobas,CORDOBA,1000
70418,Los Palmitos,SUCRE,4600
54405,Los Patios,NORTE DE SANTANDER,17000
68418,Los Santos,SANTANDER,1000
8421,Luruaco,ATLANTICO,1000
25430,Madrid,CUNDINAMARCA,32000
13430,Magangué,BOLIVAR,59000
13433,Mahates,BOLIVAR,1000
44430,Maicao,LA GUAJIRA,83000
70429,Majagual,SUCRE,7200
47205,Malabrigo,MAGDALENA,1000
68432,Málaga,SANTANDER,14000
8433,Malambo,ATLANTICO,5800
8436,Manatí,ATLANTICO,1000
20443,Manaure,CESAR,1000
44560,Manaure,LA GUAJIRA,6900
85139,Maní,CASANARE,11000
17433,Manzanares,CALDAS,7000
50325,Mapiripán,META,1600
13440,Margarita,BOLIVAR,1000
13442,María La Baja,BOLIVAR,2500
5440,Marinilla,ANTIOQUIA,16000
73443,Mariquita,TOLIMA,21000
17442,Marmato,CALDAS,3500
17444,Marquetalia,CALDAS,5500
66440,Marsella,RISARALDA,1900
25438,Medina,CUNDINAMARCA,1400
73449,Melgar,TOLIMA,27000
19450,Mercaderes,CAUCA,4400
50330,Mesetas,META,6000
18460,Milán,CAQUETA,1100
15455,Miraflores,BOYACA,2200
95200,Miraflores,GUAVIARE,1000
19455,Miranda,CAUCA,10000
66456,Mistrató,RISARALDA,3200
97001,Mitú,VAUPES,2600
86001,Mocoa,PUTUMAYO,41000
68464,Mogotes,SANTANDER,3000
23464,Momil,CORDOBA,3000
13468,Mompós,BOLIVAR,16000
15469,Moniquirá,BOYACA,8200
23500,Moñitos,CORDOBA,1000
13458,Montecristo,BOLIVAR,1800
23466,Montelíbano,CORDOBA,57000
63470,Montenegro,QUINDIO,14000
85162,Monterrey,CASANARE,10000
13473,Morales,BOLIVAR,3900
19473,Morales,CAUCA,5600
70473,Morroa,SUCRE,1400
25473,Mosquera,CUNDINAMARCA,37000
52473,Mosquera,NARINO,1000
15476,Motavita,BOYACA,1000
5480,Mutatá,ANTIOQUIA,1700
15480,Muzo,BOYACA,3900
5483,Nariño,ANTIOQUIA,1000
73483,Natagaima,TOLIMA,1400
5495,Nechí,ANTIOQUIA,8500
5490,Necoclí,ANTIOQUIA,19000
17486,Neira,CALDAS,4600
25486,Nemocón,CUNDINAMARCA,6100
25488,Nilo,CUNDINAMARCA,3200
15491,Nobsa,BOYACA,4000
25491,Nocaima,CUNDINAMARCA,1300
47460,Nueva Granada,MAGDALENA,4600
85225,Nunchía,CASANARE,1300
76497,Obando,VALLE DEL CAUCA,4600
54498,Ocaña,NORTE DE SANTANDER,71000
68500,Oiba,SANTANDER,2200
41503,Oporapa,HUILA,3300
86320,Orito,PUTUMAYO,19000
73504,Ortega,TOLIMA,4200
52506,Ospina,NARINO,1000
15507,Otanche,BOYACA,1000
70508,Ovejas,SUCRE,4700
25513,Pacho,CUNDINAMARCA,6600
17513,Pácora,CALDAS,4400
19513,Padilla,CAUCA,1800
19517,Paez,CAUCA,4700
20517,Pailitas,CESAR,1000
15516,Paipa,BOYACA,17000
41524,Palermo,HUILA,7100
17524,Palestina,CALDAS,2900
41530,Palestina,HUILA,2200
8520,Palmar de Varela,ATLANTICO,1600
70523,Palmito,SUCRE,1000
73520,Palocabildo,TOLIMA,2600
54518,Pamplona,NORTE DE SANTANDER,29000
25535,Pasca,CUNDINAMARCA,1000
19532,Patía,CAUCA,7800
15531,Pauna,BOYACA,1100
20550,Pelaya,CESAR,7600
5541,Peñol,ANTIOQUIA,1700
17541,Pensilvania,CALDAS,6200
5543,Peque,ANTIOQUIA,1000
15542,Pesca,BOYACA,1000
68547,Piedecuesta,SANTANDER,77000
47545,Pijiño del Carmen,MAGDALENA,1900
13549,Pinillos,BOLIVAR,1200
41548,Pital,HUILA,2200
41551,Pitalito,HUILA,100000
47551,Pivijay,MAGDALENA,8300
73555,Planadas,TOLIMA,3200
23555,Planeta Rica,CORDOBA,30000
47555,Plato,MAGDALENA,20000
52540,Policarpa,NARINO,3400
8558,Polonuevo,ATLANTICO,1800
8560,Ponedera,ATLANTICO,1000
52560,Potosí,NARINO,1500
76563,Pradera,VALLE DEL CAUCA,20000
73563,Prado,TOLIMA,2100
20570,Pueblo Bello,CESAR,3400
66572,Pueblo Rico,RISARALDA,2200
47570,Puebloviejo,MAGDALENA,1000
68572,Puente Nacional,SANTANDER,4100
86568,Puerto Asís,PUTUMAYO,40000
5579,Puerto Berrío,ANTIOQUIA,14000
15572,Puerto Boyacá,BOYACA,20000
86569,Puerto Caicedo,PUTUMAYO,3200
8573,Puerto Colombia,ATLANTICO,9600
50450,Puerto Concordia,META,3100
23574,Puerto Escondido,CORDOBA,1000
50568,Puerto Gaitán,META,17000
50577,Puerto Lleras,META,3200
50573,Puerto López,META,9000
5585,Puerto Nare,ANTIOQUIA,5700
50590,Puerto Rico,META,4500
18592,Puerto Rico,CAQUETA,9400
25572,Puerto Salgar,CUNDINAMARCA,7900
54553,Puerto Santander,NORTE DE SANTANDER,1200
19573,Puerto Tejada,CAUCA,19000
5591,Puerto Triunfo,ANTIOQUIA,5600
68575,Puerto Wilches,SANTANDER,14000
52585,Pupiales,NARINO,1600
19585,Puracé,CAUCA,1000
73585,Purificación,TOLIMA,7400
23586,Purísima,CORDOBA,3000
25594,Quetame,CUNDINAMARCA,2000
27001,Quibdó,CHOCO,120000
63594,Quimbaya,QUINDIO,18000
66594,Quinchía,RISARALDA,1800
41357,Quira,HUILA,1000
15599,Ramiriquí,BOYACA,2800
15600,Ráquira,BOYACA,2300
13580,Regidor,BOLIVAR,1000
5604,Remedios,ANTIOQUIA,11000
8606,Repelón,ATLANTICO,1000
50606,Restrepo,META,9200
76606,Restrepo,VALLE DEL CAUCA,8500
5607,Retiro,ANTIOQUIA,5000
25612,Ricaurte,CUNDINAMARCA,2300
20614,Río de Oro,CESAR,7300
13600,Río Viejo,BOLIVAR,2100
73616,Rioblanco,TOLIMA,1500
76616,Riofrío,VALLE DEL CAUCA,2300
5615,Rionegro,ANTIOQUIA,110000
17614,Riosucio,CALDAS,11000
27615,Riosucio,CHOCO,1900
17616,Risaralda,CALDAS,4800
41615,Rivera,HUILA,6900
52621,Roberto Payán,NARINO,1200
76622,Roldanillo,VALLE DEL CAUCA,19000
19622,Rosas,CAUCA,2000
73624,Rovira,TOLIMA,3600
68655,Sabana de Torres,SANTANDER,14000
8634,Sabanagrande,ATLANTICO,1800
8638,Sabanalarga,ATLANTICO,28000
5631,Sabaneta,ANTIOQUIA,23000
15632,Saboyá,BOYACA,1100
23660,Sahagún,CORDOBA,45000
41660,Saladoblanco,HUILA,2900
17653,Salamina,CALDAS,4800
73671,Saldaña,TOLIMA,4600
5642,Salgar,ANTIOQUIA,2300
15646,Samacá,BOYACA,7800
52678,Samaniego,NARINO,10000
70670,Sampués,SUCRE,8900
41668,San Agustín,HUILA,14000
20710,San Alberto,CESAR,17000
52835,San Andres de Tumaco,NARINO,48000
23670,San Andrés Sotavento,CORDOBA,6700
88001,San Andrés,SAN ANDRES,42000
68669,San Andrés,SANTANDER,1800
23672,San Antero,CORDOBA,8000
25645,San Antonio del Tequendama,CUNDINAMARCA,1800
70678,San Benito Abad,SUCRE,1300
23675,San Bernardo del Viento,CORDOBA,3400
25649,San Bernardo,CUNDINAMARCA,2800
52685,San Bernardo,NARINO,1500
54670,San Calixto,NORTE DE SANTANDER,2000
50680,San Carlos de Guaroa,META,5300
5649,San Carlos,ANTIOQUIA,2400
23678,San Carlos,CORDOBA,1000
20750,San Diego,CESAR,6200
13647,San Estanislao,BOLIVAR,1000
13650,San Fernando,BOLIVAR,1000
25658,San Francisco,CUNDINAMARCA,3200
68679,San Gil,SANTANDER,30000
13654,San Jacinto,BOLIVAR,6100
5656,San Jerónimo,ANTIOQUIA,5500
18610,San José del Fragua,CAQUETA,5100
95001,San José del Guaviare,GUAVIARE,17000
70702,San Juan de Betulia,SUCRE,1600
5659,San Juan de Urabá,ANTIOQUIA,5100
44650,San Juan del Cesar,LA GUAJIRA,13000
13657,San Juan Nepomuceno,BOLIVAR,9200
52687,San Lorenzo,NARINO,1200
70742,San Luis de Sincé,SUCRE,9500
5660,San Luis,ANTIOQUIA,2300
73678,San Luis,TOLIMA,1100
70708,San Marcos,SUCRE,18000
50689,San Martín,META,9200
20770,San Martín,CESAR,15000
86757,San Miguel,PUTUMAYO,3800
47660,San Ngel,MAGDALENA,1000
70713,San Onofre,SUCRE,7000
13670,San Pablo,BOLIVAR,1900
15681,San Pablo de Borbur,BOYACA,1000
52693,San Pablo,NARINO,4700
5665,San Pedro de Uraba,ANTIOQUIA,11000
5664,San Pedro,ANTIOQUIA,10000
70717,San Pedro,SUCRE,6100
76670,San Pedro,VALLE DEL CAUCA,4900
23686,San Pelayo,CORDOBA,6000
5667,San Rafael,ANTIOQUIA,5400
5670,San Roque,ANTIOQUIA,6400
47692,San Sebastián de Buenavista,MAGDALENA,1700
19693,San Sebastián,CAUCA,1000
68689,San Vicente de Chucurí,SANTANDER,12000
18753,San Vicente del Caguán,CAQUETA,26000
5674,San Vicente,ANTIOQUIA,4200
52683,Sandoná,NARINO,6500
47707,Santa Ana,MAGDALENA,6100
47720,Santa Bárbara de Pinto,MAGDALENA,1900
5679,Santa Bárbara,ANTIOQUIA,5900
52696,Santa Bárbara,NARINO,1000
13673,Santa Catalina,BOLIVAR,1000
8675,Santa Lucía,ATLANTICO,1000
41676,Santa María,HUILA,2000
19701,Santa Rosa,CAUCA,1000
66682,Santa Rosa de Cabal,RISARALDA,27000
5686,Santa Rosa de Osos,ANTIOQUIA,17000
15693,Santa Rosa de Viterbo,BOYACA,2800
13688,Santa Rosa del Sur,BOLIVAR,22000
13683,Santa Rosa,BOLIVAR,1000
52699,Santacruz,NARINO,1000
19698,Santander de Quilichao,CAUCA,37000
70820,Santiago de Tolú,SUCRE,11000
86760,Santiago,PUTUMAYO,2100
5690,Santo Domingo,ANTIOQUIA,1000
8685,Santo Tomás,ATLANTICO,6600
5697,Santuario,ANTIOQUIA,10000
66687,Santuario,RISARALDA,3900
81736,Saravena,ARAUCA,39000
54720,Sardinata,NORTE DE SANTANDER,7700
25718,Sasaima,CUNDINAMARCA,2800
5736,Segovia,ANTIOQUIA,28000
25736,Sesquilé,CUNDINAMARCA,4700
76736,Sevilla,VALLE DEL CAUCA,19000
15740,Siachoque,BOYACA,1000
25740,Sibaté,CUNDINAMARCA,4200
86749,Sibundoy,PUTUMAYO,8600
25743,Silvania,CUNDINAMARCA,4000
19743,Silvia,CAUCA,5900
25745,Simijaca,CUNDINAMARCA,5000
13744,Simití,BOLIVAR,3600
47745,Sitionuevo,MAGDALENA,2200
68755,Socorro,SANTANDER,15000
15755,Socotá,BOYACA,1000
15759,Sogamoso,BOYACA,100000
18756,Solano,CAQUETA,1000
5756,Sonson,ANTIOQUIA,9700
5761,Sopetrán,ANTIOQUIA,4000
13760,Soplaviento,BOLIVAR,1000
25758,Sopó,CUNDINAMARCA,7500
19760,Sotara,CAUCA,1000
68770,Suaita,SANTANDER,1000
8770,Suan,ATLANTICO,1000
19780,Suárez,CAUCA,5900
41770,Suaza,HUILA,7600
25769,Subachoque,CUNDINAMARCA,3400
19785,Sucre,CAUCA,1000
68773,Sucre,SANTANDER,1000
70771,Sucre,SUCRE,3800
25772,Suesca,CUNDINAMARCA,7100
17777,Supía,CALDAS,15000
25779,Susa,CUNDINAMARCA,1400
25785,Tabio,CUNDINAMARCA,12000
27787,Tadó,CHOCO,4400
13780,Talaigua Nuevo,BOLIVAR,2400
20787,Tamalameque,CESAR,2900
81794,Tame,ARAUCA,30000
5789,Támesis,ANTIOQUIA,2300
52786,Taminango,NARINO,1000
52788,Tangua,NARINO,1000
5790,Tarazá,ANTIOQUIA,6700
41791,Tarqui,HUILA,2500
5792,Tarso,ANTIOQUIA,1400
85410,Tauramena,CASANARE,14000
25793,Tausa,CUNDINAMARCA,2700
41799,Tello,HUILA,1000
25797,Tena,CUNDINAMARCA,1000
25799,Tenjo,CUNDINAMARCA,13000
41801,Teruel,HUILA,2600
41797,Tesalia,HUILA,2100
15804,Tibaná,BOYACA,1000
15806,Tibasosa,BOYACA,1000
54810,Tibú,NORTE DE SANTANDER,21000
23807,Tierralta,CORDOBA,17000
41807,Timaná,HUILA,7100
19809,Timbiquí,CAUCA,1400
13810,Tiquisio,BOLIVAR,2400
5809,Titiribí,ANTIOQUIA,1900
15814,Toca,BOYACA,1400
25815,Tocaima,CUNDINAMARCA,4000
25817,Tocancipá,CUNDINAMARCA,22000
54820,Toledo,NORTE DE SANTANDER,6200
70823,Toluviejo,SUCRE,1000
19821,Toribio,CAUCA,9200
76823,Toro,VALLE DEL CAUCA,5500
19824,Totoró,CAUCA,1400
85430,Trinidad,CASANARE,4200
76828,Trujillo,VALLE DEL CAUCA,5800
8832,Tubará,ATLANTICO,1000
52838,Túquerres,NARINO,14000
13836,Turbaco,BOLIVAR,11000
13838,Turbaná,BOLIVAR,1100
5837,Turbo,ANTIOQUIA,28000
15837,Tuta,BOYACA,1600
25843,Ubaté,CUNDINAMARCA,15000
15842,Umbita,BOYACA,1000
25845,Une,CUNDINAMARCA,1000
27800,Unguía,CHOCO,1500
5842,Uramita,ANTIOQUIA,1000
23682,Uré,CORDOBA,1000
50370,Uribe,META,1600
44847,Uribia,LA GUAJIRA,21000
5847,Urrao,ANTIOQUIA,10000
44855,Urumita,LA GUAJIRA,4600
8849,Usiacurí,ATLANTICO,1000
5854,Valdivia,ANTIOQUIA,3500
23855,Valencia,CORDOBA,8000
86865,Valle del Guamuez,PUTUMAYO,11000
18860,Valparaíso,CAQUETA,2900
5858,Vegachí,ANTIOQUIA,3400
68861,Vélez,SANTANDER,9600
73861,Venadillo,TOLIMA,2800
5861,Venecia,ANTIOQUIA,1200
15861,Ventaquemada,BOYACA,2600
25862,Vergara,CUNDINAMARCA,1000
17867,Victoria,CALDAS,2500
76869,Vijes,VALLE DEL CAUCA,4500
15407,Villa de Leyva,BOYACA,8800
54874,Villa del Rosario,NORTE DE SANTANDER,28000
19845,Villa Rica,CAUCA,1000
86885,Villagarzón,PUTUMAYO,13000
73870,Villahermosa,TOLIMA,1500
17873,Villamaría,CALDAS,5100
44874,Villanueva,LA GUAJIRA,14000
13873,Villanueva,BOLIVAR,1000
85440,Villanueva,CASANARE,4800
25873,Villapinzón,CUNDINAMARCA,3400
25875,Villeta,CUNDINAMARCA,16000
25878,Viotá,CUNDINAMARCA,2400
50711,Vista Hermosa,META,2300
17877,Viterbo,CALDAS,7200
25885,Yacopí,CUNDINAMARCA,1400
52885,Yacuanquer,NARINO,1000
41885,Yaguará,HUILA,2100
5885,Yalí,ANTIOQUIA,2700
5887,Yarumal,ANTIOQUIA,21000
5890,Yolombó,ANTIOQUIA,4500
5893,Yondó,ANTIOQUIA,7200
85001,Yopal,CASANARE,110000
76890,Yotoco,VALLE DEL CAUCA,5300
76892,Yumbo,VALLE DEL CAUCA,62000
13894,Zambrano,BOLIVAR,2300
68895,Zapatoca,SANTANDER,4100
47960,Zapayán,MAGDALENA,1000
5895,Zaragoza,ANTIOQUIA,11000
76895,Zarzal,VALLE DEL CAUCA,26000
25899,Zipaquirá,CUNDINAMARCA,65000
47980,Zona Bananera,MAGDALENA,7900
5055,Argelia,ANTIOQUIA,1800
15686,Santana,BOYACA,1500
17665,San José,CALDAS,1000
25530,Paratebueno,CUNDINAMARCA,4100
25596,Quipile,CUNDINAMARCA,1000
27135,El Cantón del San Pablo,CHOCO,1000
47541,Pedraza,MAGDALENA,1000
50683,San Juan de Arama,META,3600
52694,San Pedro de Cartago,NARINO,1000
68217,Coromoro,SANTANDER,1000
85263,Pore,CASANARE,5500
85325,San Luis de Palenque,CASANARE,3200
68820,Tona,SANTANDER,1100
85230,Orocué,CASANARE,4500