﻿code_regis,departamento,municipio,code_dane
1001,ANTIOQUIA,MEDELLIN,5001
1004,ANTIOQUIA,ABEJORRAL,5002
1007,ANTIOQUIA,ABRIAQUI,5004
1010,ANTIOQUIA,ALEJANDRIA,5021
1013,ANTIOQUIA,AMAGA,5030
1016,ANTIOQUIA,AMALFI,5031
1019,ANTIOQUIA,ANDES,5034
1022,ANTIOQUIA,ANGELOPOLIS,5036
1025,ANTIOQUIA,ANGOSTURA,5038
1028,ANTIOQUIA,ANORI,5040
1031,ANTIOQUIA,ANTIOQUIA,5042
1034,ANTIOQUIA,ANZA,5044
1035,ANTIOQUIA,APARTADO,5045
1037,ANTIOQUIA,ARBOLETES,5051
1039,ANTIOQUIA,ARGELIA,5055
1040,ANTIOQUIA,ARMENIA,5059
1043,ANTIOQUIA,BARBOSA,5079
1046,ANTIOQUIA,BELMIRA,5086
1049,ANTIOQUIA,BELLO,5088
1052,ANTIOQUIA,BETANIA,5091
1055,ANTIOQUIA,BETULIA,5093
1058,ANTIOQUIA,BOLIVAR,5101
1062,ANTIOQUIA,BRICEÑO,5107
1061,ANTIOQUIA,BURITICA,5113
1064,ANTIOQUIA,CACERES,5120
1067,ANTIOQUIA,CAICEDO,5125
1070,ANTIOQUIA,CALDAS,5129
1073,ANTIOQUIA,CAMPAMENTO,5134
1076,ANTIOQUIA,CAÑASGORDAS,5138
1078,ANTIOQUIA,CARACOLI,5142
1079,ANTIOQUIA,CARAMANTA,5145
1080,ANTIOQUIA,CAREPA,5147
1082,ANTIOQUIA,CARMEN DE VIBORAL,5148
1085,ANTIOQUIA,CAROLINA,5150
1088,ANTIOQUIA,CAUCASIA,5154
1106,ANTIOQUIA,CHIGORODO,5172
1091,ANTIOQUIA,CISNEROS,5190
1094,ANTIOQUIA,COCORNA,5197
1097,ANTIOQUIA,CONCEPCION,5206
1100,ANTIOQUIA,CONCORDIA,5209
1103,ANTIOQUIA,COPACABANA,5212
1109,ANTIOQUIA,DABEIBA,5234
1112,ANTIOQUIA,DON MATIAS,5237
1115,ANTIOQUIA,EBEJICO,5240
1117,ANTIOQUIA,EL BAGRE,5250
1118,ANTIOQUIA,ENTRERRIOS,5264
1121,ANTIOQUIA,ENVIGADO,5266
1124,ANTIOQUIA,FREDONIA,5282
1127,ANTIOQUIA,FRONTINO,5284
1130,ANTIOQUIA,GIRALDO,5306
1133,ANTIOQUIA,GIRARDOTA,5308
1136,ANTIOQUIA,GOMEZ PLATA,5310
1139,ANTIOQUIA,GRANADA,5313
1140,ANTIOQUIA,GUADALUPE,5315
1142,ANTIOQUIA,GUARNE,5318
1145,ANTIOQUIA,GUATAPE,5321
1148,ANTIOQUIA,HELICONIA,5347
1150,ANTIOQUIA,HISPANIA,5353
1151,ANTIOQUIA,ITAGUI,5360
1154,ANTIOQUIA,ITUANGO,5361
1157,ANTIOQUIA,JARDIN,5364
1160,ANTIOQUIA,JERICO,5368
1163,ANTIOQUIA,LA CEJA,5376
1166,ANTIOQUIA,LA ESTRELLA,5380
1170,ANTIOQUIA,LA PINTADA,5390
1169,ANTIOQUIA,LA UNION,5400
1172,ANTIOQUIA,LIBORINA,5411
1175,ANTIOQUIA,MACEO,5425
1178,ANTIOQUIA,MARINILLA,5440
1181,ANTIOQUIA,MONTEBELLO,5467
1184,ANTIOQUIA,MURINDO,5475
1187,ANTIOQUIA,MUTATA,5480
1190,ANTIOQUIA,NARIÑO,5483
1192,ANTIOQUIA,NECOCLI,5490
1191,ANTIOQUIA,NECHI,5495
1193,ANTIOQUIA,OLAYA,5501
1196,ANTIOQUIA,PEÑOL,5541
1199,ANTIOQUIA,PEQUE,5543
1202,ANTIOQUIA,PUEBLORRICO,5576
1205,ANTIOQUIA,PUERTO BERRIO,5579
1168,ANTIOQUIA,PUERTO NARE-LA MAGDALENA,5585
1206,ANTIOQUIA,PUERTO TRIUNFO,5591
1208,ANTIOQUIA,REMEDIOS,5604
1211,ANTIOQUIA,RETIRO,5607
1214,ANTIOQUIA,RIONEGRO,5615
1217,ANTIOQUIA,SABANALARGA,5628
1218,ANTIOQUIA,SABANETA,5631
1220,ANTIOQUIA,SALGAR,5642
1223,ANTIOQUIA,SAN ANDRES,5647
1226,ANTIOQUIA,SAN CARLOS,5649
1227,ANTIOQUIA,SAN FRANCISCO,5652
1229,ANTIOQUIA,SAN JERONIMO,5656
1230,ANTIOQUIA,SAN JOSE DE LA MONTAÑA,5658
1231,ANTIOQUIA,SAN JUAN DE URABA,5659
1232,ANTIOQUIA,SAN LUIS,5660
1235,ANTIOQUIA,SAN PEDRO,5664
1237,ANTIOQUIA,SAN PEDRO DE URABA,5665
1238,ANTIOQUIA,SAN RAFAEL,5667
1241,ANTIOQUIA,SAN ROQUE,5670
1244,ANTIOQUIA,SAN VICENTE,5674
1247,ANTIOQUIA,SANTA BARBARA,5679
1250,ANTIOQUIA,SANTA ROSA DE OSOS,5686
1253,ANTIOQUIA,SANTO DOMINGO,5690
1256,ANTIOQUIA,SANTUARIO,5697
1259,ANTIOQUIA,SEGOVIA,5736
1262,ANTIOQUIA,SONSON,5756
1265,ANTIOQUIA,SOPETRAN,5761
1268,ANTIOQUIA,TAMESIS,5789
1270,ANTIOQUIA,TARAZA,5790
1271,ANTIOQUIA,TARSO,5792
1274,ANTIOQUIA,TITIRIBI,5809
1277,ANTIOQUIA,TOLEDO,5819
1280,ANTIOQUIA,TURBO,5837
1282,ANTIOQUIA,URAMITA,5842
1283,ANTIOQUIA,URRAO,5847
1286,ANTIOQUIA,VALDIVIA,5854
1289,ANTIOQUIA,VALPARAISO,5856
1290,ANTIOQUIA,VEGACHI,5858
1292,ANTIOQUIA,VENECIA,5861
1291,ANTIOQUIA,VIGIA DEL FUERTE,5873
1293,ANTIOQUIA,YALI,5885
1295,ANTIOQUIA,YARUMAL,5887
1298,ANTIOQUIA,YOLOMBO,5890
1300,ANTIOQUIA,YONDO-CASABE,5893
1301,ANTIOQUIA,ZARAGOZA,5895
3001,ATLANTICO,BARRANQUILLA,8001
3004,ATLANTICO,BARANOA,8078
3007,ATLANTICO,CAMPO DE LA CRUZ,8137
3010,ATLANTICO,CANDELARIA,8141
3013,ATLANTICO,GALAPA,8296
3016,ATLANTICO,JUAN DE ACOSTA,8372
3019,ATLANTICO,LURUACO,8421
3022,ATLANTICO,MALAMBO,8433
3025,ATLANTICO,MANATI,8436
3028,ATLANTICO,PALMAR DE VARELA,8520
3031,ATLANTICO,PIOJO,8549
3034,ATLANTICO,POLONUEVO,8558
3035,ATLANTICO,PONEDERA,8560
3037,ATLANTICO,PUERTO COLOMBIA,8573
3040,ATLANTICO,REPELON,8606
3043,ATLANTICO,SABANAGRANDE,8634
3046,ATLANTICO,SABANALARGA,8638
3047,ATLANTICO,SANTA LUCIA,8675
3049,ATLANTICO,SANTO TOMAS,8685
3052,ATLANTICO,SOLEDAD,8758
3055,ATLANTICO,SUAN,8770
3058,ATLANTICO,TUBARA,8832
3061,ATLANTICO,USIACURI,8849
16001,BOGOTA D.C.,BOGOTA D.C.,11001
5001,BOLIVAR,CARTAGENA,13001
5004,BOLIVAR,ACHI,13006
5006,BOLIVAR,ALTOS DEL ROSARIO,13030
5005,BOLIVAR,ARENAL,13042
5007,BOLIVAR,ARJONA,13052
5009,BOLIVAR,ARROYO HONDO,13062
5010,BOLIVAR,BARRANCO DE LOBA,13074
5013,BOLIVAR,CALAMAR,13140
5014,BOLIVAR,CANTAGALLO,13160
5015,BOLIVAR,CICUCO,13188
5016,BOLIVAR,CORDOBA,13212
5018,BOLIVAR,CLEMENCIA,13222
5022,BOLIVAR,EL CARMEN DE BOLIVAR,13244
5025,BOLIVAR,EL GUAMO,13248
5027,BOLIVAR,EL PEÑON,13268
5026,BOLIVAR,HATILLO DE LOBA,13300
5028,BOLIVAR,MAGANGUE,13430
5031,BOLIVAR,MAHATES,13433
5037,BOLIVAR,MARGARITA,13440
5040,BOLIVAR,MARIA LA BAJA,13442
5041,BOLIVAR,MONTECRISTO,13458
5043,BOLIVAR,MOMPOS,13468
5044,BOLIVAR,MORALES,13473
5050,BOLIVAR,NOROSI,13490
5059,BOLIVAR,PINILLOS,13549
5063,BOLIVAR,REGIDOR,13580
5065,BOLIVAR,RIOVIEJO,13600
5072,BOLIVAR,SAN CRISTOBAL,13620
5070,BOLIVAR,SAN ESTANISLAO,13647
5073,BOLIVAR,SAN FERNANDO,13650
5076,BOLIVAR,SAN JACINTO,13654
5078,BOLIVAR,SAN JACINTO DEL CAUCA,13655
5079,BOLIVAR,SAN JUAN NEPOMUCENO,13657
5082,BOLIVAR,SAN MARTIN DE LOBA,13667
5084,BOLIVAR,SAN PABLO,13670
5091,BOLIVAR,SANTA CATALINA,13673
5094,BOLIVAR,SANTA ROSA,13683
5095,BOLIVAR,SANTA ROSA DEL SUR,13688
5097,BOLIVAR,SIMITI,13744
5106,BOLIVAR,SOPLAVIENTO,13760
5110,BOLIVAR,TALAIGUA NUEVO,13780
5113,BOLIVAR,TIQUISIO (PTO. RICO),13810
5118,BOLIVAR,TURBACO,13836
5121,BOLIVAR,TURBANA,13838
5124,BOLIVAR,VILLANUEVA,13873
5127,BOLIVAR,ZAMBRANO,13894
7001,BOYACA,TUNJA,15001
7007,BOYACA,ALMEIDA,15022
7008,BOYACA,AQUITANIA (PUEBLOVIEJO),15047
7010,BOYACA,ARCABUCO,15051
7013,BOYACA,BELEN,15087
7016,BOYACA,BERBEO,15090
7019,BOYACA,BETEITIVA,15092
7022,BOYACA,BOAVITA,15097
7025,BOYACA,BOYACA,15104
7028,BOYACA,BRICEÑO,15106
7031,BOYACA,BUENAVISTA,15109
7034,BOYACA,BUSBANZA,15114
7037,BOYACA,CALDAS,15131
7040,BOYACA,CAMPOHERMOSO,15135
7043,BOYACA,CERINZA,15162
7064,BOYACA,CHINAVITA,15172
7067,BOYACA,CHIQUINQUIRA,15176
7070,BOYACA,CHISCAS,15180
7073,BOYACA,CHITA,15183
7076,BOYACA,CHITARAQUE,15185
7077,BOYACA,CHIVATA,15187
7046,BOYACA,CIENEGA,15189
7049,BOYACA,COMBITA,15204
7052,BOYACA,COPER,15212
7055,BOYACA,CORRALES,15215
7058,BOYACA,COVARACHIA,15218
7059,BOYACA,CUBARA,15223
7060,BOYACA,CUCAITA,15224
7061,BOYACA,CUITIVA,15226
7068,BOYACA,CHIQUIZA,15232
7078,BOYACA,CHIVOR,15236
7079,BOYACA,DUITAMA,15238
7082,BOYACA,EL COCUY,15244
7085,BOYACA,EL ESPINO,15248
7088,BOYACA,FIRAVITOBA,15272
7091,BOYACA,FLORESTA,15276
7094,BOYACA,GACHANTIVA,15293
7097,BOYACA,GAMEZA,15296
7100,BOYACA,GARAGOA,15299
7103,BOYACA,GUACAMAYAS,15317
7106,BOYACA,GUATEQUE,15322
7109,BOYACA,GUAYATA,15325
7112,BOYACA,GUICAN,15332
7118,BOYACA,IZA,15362
7121,BOYACA,JENESANO,15367
7124,BOYACA,JERICO,15368
7127,BOYACA,LABRANZAGRANDE,15377
7130,BOYACA,LA CAPILLA,15380
7137,BOYACA,LA VICTORIA,15401
7136,BOYACA,LA UVITA,15403
7139,BOYACA,VILLA DE LEIVA,15407
7142,BOYACA,MACANAL,15425
7148,BOYACA,MARIPI,15442
7151,BOYACA,MIRAFLORES,15455
7154,BOYACA,MONGUA,15464
7157,BOYACA,MONGUI,15466
7160,BOYACA,MONIQUIRA,15469
7161,BOYACA,MOTAVITA,15476
7163,BOYACA,MUZO,15480
7166,BOYACA,NOBSA,15491
7169,BOYACA,NUEVO COLON,15494
7173,BOYACA,OICATA,15500
7176,BOYACA,OTANCHE,15507
7178,BOYACA,PACHAVITA,15511
7179,BOYACA,PAEZ,15514
7181,BOYACA,PAIPA,15516
7184,BOYACA,PAJARITO,15518
7187,BOYACA,PANQUEBA,15522
7190,BOYACA,PAUNA,15531
7193,BOYACA,PAYA,15533
7199,BOYACA,PAZ DE RIO,15537
7202,BOYACA,PESCA,15542
7205,BOYACA,PISBA,15550
7214,BOYACA,PUERTO BOYACA,15572
7215,BOYACA,QUIPAMA,15580
7217,BOYACA,RAMIRIQUI,15599
7220,BOYACA,RAQUIRA,15600
7223,BOYACA,RONDON,15621
7226,BOYACA,SABOYA,15632
7232,BOYACA,SACHICA,15638
7235,BOYACA,SAMACA,15646
7237,BOYACA,SAN EDUARDO,15660
7238,BOYACA,SAN JOSE DE PARE,15664
7241,BOYACA,SAN LUIS DE GACENO,15667
7247,BOYACA,SAN MATEO,15673
7248,BOYACA,SAN MIGUEL DE SEMA,15676
7249,BOYACA,SAN PABLO DE BORBUR,15681
7250,BOYACA,SANTANA,15686
7251,BOYACA,SANTA MARIA,15690
7253,BOYACA,SANTA ROSA DE VITERBO,15693
7256,BOYACA,SANTA SOFIA,15696
7259,BOYACA,SATIVANORTE,15720
7262,BOYACA,SATIVASUR,15723
7265,BOYACA,SIACHOQUE,15740
7268,BOYACA,SOATA,15753
7271,BOYACA,SOCOTA,15755
7274,BOYACA,SOCHA,15757
7277,BOYACA,SOGAMOSO,15759
7280,BOYACA,SOMONDOCO,15761
7281,BOYACA,SORA,15762
7282,BOYACA,SORACA,15763
7283,BOYACA,SOTAQUIRA,15764
7286,BOYACA,SUSACON,15774
7289,BOYACA,SUTAMARCHAN,15776
7292,BOYACA,SUTATENZA,15778
7298,BOYACA,TASCO,15790
7301,BOYACA,TENZA,15798
7304,BOYACA,TIBANA,15804
7307,BOYACA,TIBASOSA,15806
7310,BOYACA,TINJACA,15808
7311,BOYACA,TIPACOQUE,15810
7313,BOYACA,TOCA,15814
7316,BOYACA,TOGUI,15816
7319,BOYACA,TOPAGA,15820
7322,BOYACA,TOTA,15822
7324,BOYACA,TUNUNGUA,15832
7325,BOYACA,TURMEQUE,15835
7328,BOYACA,TUTA,15837
7331,BOYACA,TUTAZA,15839
7334,BOYACA,UMBITA,15842
7337,BOYACA,VENTAQUEMADA,15861
7340,BOYACA,VIRACACHA,15879
7346,BOYACA,ZETAQUIRA,15897
9001,CALDAS,MANIZALES,17001
9004,CALDAS,AGUADAS,17013
9007,CALDAS,ANSERMA,17042
9013,CALDAS,ARANZAZU,17050
9022,CALDAS,BELALCAZAR,17088
9034,CALDAS,CHINCHINA,17174
9037,CALDAS,FILADELFIA,17272
9049,CALDAS,LA DORADA,17380
9052,CALDAS,LA MERCED,17388
9055,CALDAS,MANZANARES,17433
9058,CALDAS,MARMATO,17442
9061,CALDAS,MARQUETALIA,17444
9067,CALDAS,MARULANDA,17446
9076,CALDAS,NEIRA,17486
9078,CALDAS,NORCASIA,17495
9079,CALDAS,PACORA,17513
9082,CALDAS,PALESTINA,17524
9085,CALDAS,PENSILVANIA,17541
9103,CALDAS,RIOSUCIO,17614
9106,CALDAS,RISARALDA,17616
9109,CALDAS,SALAMINA,17653
9115,CALDAS,SAMANA,17662
9120,CALDAS,SAN JOSE,17665
9124,CALDAS,SUPIA,17777
9127,CALDAS,VICTORIA,17867
9130,CALDAS,VILLAMARIA,17873
9133,CALDAS,VITERBO,17877
44001,CAQUETA,FLORENCIA,18001
44002,CAQUETA,ALBANIA,18029
44004,CAQUETA,BELEN DE LOS ANDAQUIES,18094
44003,CAQUETA,CARTAGENA DEL CHAIRA,18150
44012,CAQUETA,CURILLO,18205
44005,CAQUETA,EL DONCELLO,18247
44006,CAQUETA,EL PAUJIL,18256
44007,CAQUETA,LA MONTAÑITA,18410
44016,CAQUETA,MILAN,18460
44017,CAQUETA,MORELIA,18479
44009,CAQUETA,PUERTO RICO,18592
44020,CAQUETA,SAN JOSE DEL FRAGUA,18610
44010,CAQUETA,SAN VICENTE DEL CAGUAN,18753
44022,CAQUETA,SOLANO,18756
44024,CAQUETA,SOLITA,18785
44040,CAQUETA,VALPARAISO,18860
11001,CAUCA,POPAYAN,19001
11004,CAUCA,ALMAGUER,19022
11005,CAUCA,ARGELIA,19050
11006,CAUCA,BALBOA,19075
11007,CAUCA,BOLIVAR,19100
11010,CAUCA,BUENOS AIRES,19110
11013,CAUCA,CAJIBIO,19130
11016,CAUCA,CALDONO,19137
11019,CAUCA,CALOTO,19142
11022,CAUCA,CORINTO,19212
11025,CAUCA,EL TAMBO,19256
11027,CAUCA,FLORENCIA,19290
11029,CAUCA,GUACHENE,19300
11028,CAUCA,GUAPI,19318
11031,CAUCA,INZA,19355
11034,CAUCA,JAMBALO,19364
11037,CAUCA,LA SIERRA,19392
11040,CAUCA,LA VEGA,19397
11043,CAUCA,LOPEZ (MICAY),19418
11046,CAUCA,MERCADERES,19450
11049,CAUCA,MIRANDA,19455
11052,CAUCA,MORALES,19473
11053,CAUCA,PADILLA,19513
11055,CAUCA,PAEZ (BELALCAZAR),19517
11058,CAUCA,PATIA (EL BORDO),19532
11060,CAUCA,PIAMONTE,19533
11061,CAUCA,PIENDAMO,19548
11064,CAUCA,PUERTO TEJADA,19573
11067,CAUCA,PURACE (COCONUCO),19585
11070,CAUCA,ROSAS,19622
11073,CAUCA,SAN SEBASTIAN,19693
11076,CAUCA,SANTANDER DE QUILICHAO,19698
11079,CAUCA,SANTA ROSA,19701
11082,CAUCA,SILVIA,19743
11085,CAUCA,SOTARA (PAISPAMBA),19760
11087,CAUCA,SUAREZ,19780
11086,CAUCA,SUCRE,19785
11088,CAUCA,TIMBIO,19807
11091,CAUCA,TIMBIQUI,19809
11094,CAUCA,TORIBIO,19821
11097,CAUCA,TOTORO,19824
11098,CAUCA,VILLA RICA,19845
12001,CESAR,VALLEDUPAR,20001
12075,CESAR,AGUACHICA,20011
12150,CESAR,AGUSTIN CODAZZI,20013
12170,CESAR,ASTREA,20032
12180,CESAR,BECERRIL,20045
12200,CESAR,BOSCONIA,20060
12300,CESAR,CHIMICHAGUA,20175
12375,CESAR,CHIRIGUANA,20178
12225,CESAR,CURUMANI,20228
12410,CESAR,EL COPEY,20238
12415,CESAR,EL PASO,20250
12450,CESAR,GAMARRA,20295
12525,CESAR,GONZALEZ,20310
12600,CESAR,LA GLORIA,20383
12608,CESAR,LA JAGUA DE IBIRICO,20400
12625,CESAR,MANAURE BALCON DEL CESAR (MANA,20443
12650,CESAR,PAILITAS,20517
12700,CESAR,PELAYA,20550
12720,CESAR,PUEBLO BELLO,20570
12750,CESAR,RIO DE ORO,20614
12825,CESAR,LA PAZ,20621
12800,CESAR,SAN ALBERTO,20710
12850,CESAR,SAN DIEGO,20750
12875,CESAR,SAN MARTIN,20770
12900,CESAR,TAMALAMEQUE,20787
13001,CORDOBA,MONTERIA,23001
13004,CORDOBA,AYAPEL,23068
13007,CORDOBA,BUENAVISTA,23079
13009,CORDOBA,CANALETE,23090
13010,CORDOBA,CERETE,23162
13016,CORDOBA,CHIMA,23168
13019,CORDOBA,CHINU,23182
13013,CORDOBA,CIENAGA DE ORO,23189
13014,CORDOBA,COTORRA (BONGO),23300
13020,CORDOBA,LA APARTADA (FRONTERA),23350
13022,CORDOBA,LORICA,23417
13023,CORDOBA,LOS CORDOBAS,23419
13024,CORDOBA,MOMIL,23464
13025,CORDOBA,MONTELIBANO,23466
13027,CORDOBA,MOÑITOS,23500
13028,CORDOBA,PLANETA RICA,23555
13031,CORDOBA,PUEBLO NUEVO,23570
13033,CORDOBA,PUERTO ESCONDIDO,23574
13032,CORDOBA,PUERTO LIBERTADOR,23580
13034,CORDOBA,PURISIMA,23586
13037,CORDOBA,SAHAGUN,23660
13040,CORDOBA,SAN ANDRES DE SOTAVENTO,23670
13043,CORDOBA,SAN ANTERO,23672
13046,CORDOBA,SAN BERNARDO DEL VIENTO,23675
13049,CORDOBA,SAN CARLOS,23678
13052,CORDOBA,SAN JOSE DE URE,23682
13055,CORDOBA,SAN PELAYO,23686
13058,CORDOBA,TIERRALTA,23807
13060,CORDOBA,TUCHIN,23815
13061,CORDOBA,VALENCIA,23855
15004,CUNDINAMARCA,AGUA DE DIOS,25001
15007,CUNDINAMARCA,ALBAN,25019
15010,CUNDINAMARCA,ANAPOIMA,25035
15013,CUNDINAMARCA,ANOLAIMA,25040
15016,CUNDINAMARCA,ARBELAEZ,25053
15019,CUNDINAMARCA,BELTRAN,25086
15022,CUNDINAMARCA,BITUIMA,25095
15025,CUNDINAMARCA,BOJACA,25099
15029,CUNDINAMARCA,CABRERA,25120
15030,CUNDINAMARCA,CACHIPAY,25123
15031,CUNDINAMARCA,CAJICA,25126
15034,CUNDINAMARCA,CAPARRAPI,25148
15037,CUNDINAMARCA,CAQUEZA,25151
15040,CUNDINAMARCA,CARMEN DE CARUPA,25154
15052,CUNDINAMARCA,CHAGUANI,25168
15055,CUNDINAMARCA,CHIA,25175
15058,CUNDINAMARCA,CHIPAQUE,25178
15061,CUNDINAMARCA,CHOACHI,25181
15064,CUNDINAMARCA,CHOCONTA,25183
15043,CUNDINAMARCA,COGUA,25200
15046,CUNDINAMARCA,COTA,25214
15049,CUNDINAMARCA,CUCUNUBA,25224
15067,CUNDINAMARCA,EL COLEGIO,25245
15070,CUNDINAMARCA,EL PEÑON,25258
15072,CUNDINAMARCA,EL ROSAL,25260
15076,CUNDINAMARCA,FACATATIVA,25269
15079,CUNDINAMARCA,FOMEQUE,25279
15085,CUNDINAMARCA,FOSCA,25281
15088,CUNDINAMARCA,FUNZA,25286
15091,CUNDINAMARCA,FUQUENE,25288
15094,CUNDINAMARCA,FUSAGASUGA,25290
15097,CUNDINAMARCA,GACHALA,25293
15100,CUNDINAMARCA,GACHANCIPA,25295
15103,CUNDINAMARCA,GACHETA,25297
15106,CUNDINAMARCA,GAMA,25299
15109,CUNDINAMARCA,GIRARDOT,25307
15132,CUNDINAMARCA,GRANADA,25312
15112,CUNDINAMARCA,GUACHETA,25317
15115,CUNDINAMARCA,GUADUAS,25320
15118,CUNDINAMARCA,GUASCA,25322
15121,CUNDINAMARCA,GUATAQUI,25324
15124,CUNDINAMARCA,GUATAVITA,25326
15127,CUNDINAMARCA,GUAYABAL DE SIQUIMA,25328
15128,CUNDINAMARCA,GUAYABETAL,25335
15130,CUNDINAMARCA,GUTIERREZ,25339
15133,CUNDINAMARCA,JERUSALEN,25368
15136,CUNDINAMARCA,JUNIN,25372
15139,CUNDINAMARCA,LA CALERA,25377
15142,CUNDINAMARCA,LA MESA,25386
15145,CUNDINAMARCA,LA PALMA,25394
15148,CUNDINAMARCA,LA PEÑA,25398
15151,CUNDINAMARCA,LA VEGA,25402
15154,CUNDINAMARCA,LENGUAZAQUE,25407
15157,CUNDINAMARCA,MACHETA,25426
15160,CUNDINAMARCA,MADRID,25430
15163,CUNDINAMARCA,MANTA,25436
15166,CUNDINAMARCA,MEDINA,25438
15169,CUNDINAMARCA,MOSQUERA,25473
15172,CUNDINAMARCA,NARIÑO,25483
15175,CUNDINAMARCA,NEMOCON,25486
15178,CUNDINAMARCA,NILO,25488
15181,CUNDINAMARCA,NIMAIMA,25489
15184,CUNDINAMARCA,NOCAIMA,25491
15318,CUNDINAMARCA,VENECIA,25506
15190,CUNDINAMARCA,PACHO,25513
15193,CUNDINAMARCA,PAIME,25518
15196,CUNDINAMARCA,PANDI,25524
15198,CUNDINAMARCA,PARATEBUENO (LA NAGUAYA),25530
15199,CUNDINAMARCA,PASCA,25535
15202,CUNDINAMARCA,PUERTO SALGAR,25572
15205,CUNDINAMARCA,PULI,25580
15208,CUNDINAMARCA,QUEBRADANEGRA,25592
15211,CUNDINAMARCA,QUETAME,25594
15214,CUNDINAMARCA,QUIPILE,25596
15217,CUNDINAMARCA,APULO,25599
15218,CUNDINAMARCA,RICAURTE,25612
15220,CUNDINAMARCA,SAN ANTONIO DEL TEQUENDAMA,25645
15223,CUNDINAMARCA,SAN BERNARDO,25649
15226,CUNDINAMARCA,SAN CAYETANO,25653
15229,CUNDINAMARCA,SAN FRANCISCO,25658
15232,CUNDINAMARCA,SAN JUAN DE RIOSECO,25662
15235,CUNDINAMARCA,SASAIMA,25718
15238,CUNDINAMARCA,SESQUILE,25736
15239,CUNDINAMARCA,SIBATE,25740
15241,CUNDINAMARCA,SILVANIA,25743
15244,CUNDINAMARCA,SIMIJACA,25745
15247,CUNDINAMARCA,SOACHA,25754
15250,CUNDINAMARCA,SOPO,25758
15256,CUNDINAMARCA,SUBACHOQUE,25769
15259,CUNDINAMARCA,SUESCA,25772
15262,CUNDINAMARCA,SUPATA,25777
15265,CUNDINAMARCA,SUSA,25779
15268,CUNDINAMARCA,SUTATAUSA,25781
15271,CUNDINAMARCA,TABIO,25785
15274,CUNDINAMARCA,TAUSA,25793
15277,CUNDINAMARCA,TENA,25797
15280,CUNDINAMARCA,TENJO,25799
15283,CUNDINAMARCA,TIBACUY,25805
15286,CUNDINAMARCA,TIBIRITA,25807
15289,CUNDINAMARCA,TOCAIMA,25815
15292,CUNDINAMARCA,TOCANCIPA,25817
15295,CUNDINAMARCA,TOPAIPI,25823
15298,CUNDINAMARCA,UBALA,25839
15301,CUNDINAMARCA,UBAQUE,25841
15304,CUNDINAMARCA,UBATE,25843
15307,CUNDINAMARCA,UNE,25845
15316,CUNDINAMARCA,UTICA,25851
15319,CUNDINAMARCA,VERGARA,25862
15322,CUNDINAMARCA,VIANI,25867
15323,CUNDINAMARCA,VILLAGOMEZ,25871
15325,CUNDINAMARCA,VILLAPINZON,25873
15328,CUNDINAMARCA,VILLETA,25875
15331,CUNDINAMARCA,VIOTA,25878
15334,CUNDINAMARCA,YACOPI,25885
15337,CUNDINAMARCA,ZIPACON,25898
15340,CUNDINAMARCA,ZIPAQUIRA,25899
17001,CHOCO,QUIBDO,27001
17004,CHOCO,ACANDI,27006
17006,CHOCO,ALTO BAUDO (PIE DE PATO),27025
17002,CHOCO,ATRATO (YUTO),27050
17007,CHOCO,BAGADO,27073
17008,CHOCO,BAHIA SOLANO (MUTIS),27075
17010,CHOCO,BAJO BAUDO (PIZARRO),27077
17011,CHOCO,BOJAYA (BELLAVISTA),27099
17017,CHOCO,EL CANTON DEL SAN PABLO (MAN.,27135
17015,CHOCO,CARMEN DEL DARIEN,27150
17014,CHOCO,CERTEGUI,27160
17013,CHOCO,CONDOTO,27205
17016,CHOCO,EL CARMEN,27245
17038,CHOCO,EL LITORAL DEL SAN JUAN,27250
17019,CHOCO,ISTMINA,27361
17022,CHOCO,JURADO,27372
17025,CHOCO,LLORO,27413
17012,CHOCO,MEDIO ATRATO (BETE),27425
17026,CHOCO,MEDIO BAUDO (PUERTO MELUK),27430
17027,CHOCO,MEDIO SAN JUAN,27450
17028,CHOCO,NOVITA,27491
17031,CHOCO,NUQUI,27495
17032,CHOCO,RIO IRO,27580
17035,CHOCO,RIO QUITO (PAIMADO),27600
17034,CHOCO,RIOSUCIO,27615
17037,CHOCO,SAN JOSE DEL PALMAR,27660
17040,CHOCO,SIPI,27745
17043,CHOCO,TADO,27787
17048,CHOCO,UNGUIA,27800
17060,CHOCO,UNION PANAMERICANA (LAS ANIMAS,27810
19001,HUILA,NEIVA,41001
19004,HUILA,ACEVEDO,41006
19007,HUILA,AGRADO,41013
19010,HUILA,AIPE,41016
19013,HUILA,ALGECIRAS,41020
19016,HUILA,ALTAMIRA,41026
19019,HUILA,BARAYA,41078
19022,HUILA,CAMPOALEGRE,41132
19028,HUILA,COLOMBIA,41206
19031,HUILA,ELIAS,41244
19034,HUILA,GARZON,41298
19037,HUILA,GIGANTE,41306
19040,HUILA,GUADALUPE,41319
19043,HUILA,HOBO,41349
19046,HUILA,IQUIRA,41357
19044,HUILA,ISNOS,41359
19047,HUILA,LA ARGENTINA (PLATA VIEJA),41378
19049,HUILA,LA PLATA,41396
19050,HUILA,NATAGA,41483
19051,HUILA,OPORAPA,41503
19052,HUILA,PAICOL,41518
19055,HUILA,PALERMO,41524
19056,HUILA,PALESTINA,41530
19058,HUILA,PITAL,41548
19061,HUILA,PITALITO,41551
19064,HUILA,RIVERA,41615
19067,HUILA,SALADOBLANCO,41660
19070,HUILA,SAN AGUSTIN,41668
19074,HUILA,SANTA MARIA,41676
19076,HUILA,SUAZA,41770
19079,HUILA,TARQUI,41791
19025,HUILA,TESALIA (CARNICERIAS),41797
19082,HUILA,TELLO,41799
19085,HUILA,TERUEL,41801
19088,HUILA,TIMANA,41807
19091,HUILA,VILLAVIEJA,41872
19094,HUILA,YAGUARA,41885
48001,LA GUAJIRA,RIOHACHA,44001
48002,LA GUAJIRA,ALBANIA,44035
48004,LA GUAJIRA,BARRANCAS,44078
48005,LA GUAJIRA,DIBULLA,44090
48008,LA GUAJIRA,DISTRACCION,44098
48006,LA GUAJIRA,EL MOLINO,44110
48007,LA GUAJIRA,FONSECA,44279
48009,LA GUAJIRA,HATONUEVO,44378
48012,LA GUAJIRA,LA JAGUA DEL PILAR,44420
48010,LA GUAJIRA,MAICAO,44430
48011,LA GUAJIRA,MANAURE,44560
48013,LA GUAJIRA,SAN JUAN DEL CESAR,44650
48016,LA GUAJIRA,URIBIA,44847
48018,LA GUAJIRA,URUMITA,44855
48020,LA GUAJIRA,VILLANUEVA,44874
21001,MAGDALENA,SANTA MARTA,47001
21008,MAGDALENA,ALGARROBO,47030
21010,MAGDALENA,ARACATACA,47053
21012,MAGDALENA,ARIGUANI (EL DIFICIL),47058
21013,MAGDALENA,CERRO DE SAN ANTONIO,47161
21015,MAGDALENA,CHIVOLO,47170
21016,MAGDALENA,CIENAGA,47189
21020,MAGDALENA,CONCORDIA,47205
21025,MAGDALENA,EL BANCO,47245
21028,MAGDALENA,EL PIÑON,47258
21030,MAGDALENA,EL RETEN,47268
21031,MAGDALENA,FUNDACION,47288
21040,MAGDALENA,GUAMAL,47318
21042,MAGDALENA,NUEVA GRANADA,47460
21046,MAGDALENA,PEDRAZA,47541
21048,MAGDALENA,PIJIÑO DEL CARMEN,47545
21049,MAGDALENA,PIVIJAY,47551
21052,MAGDALENA,PLATO,47555
21055,MAGDALENA,PUEBLOVIEJO,47570
21058,MAGDALENA,REMOLINO,47605
21060,MAGDALENA,SABANAS DE SAN ANGEL,47660
21067,MAGDALENA,SALAMINA,47675
21070,MAGDALENA,SAN SEBASTIAN DE BUENAVISTA,47692
21073,MAGDALENA,SAN ZENON,47703
21076,MAGDALENA,SANTA ANA,47707
21078,MAGDALENA,SANTA BARBARA DE PINTO,47720
21079,MAGDALENA,SITIONUEVO,47745
21085,MAGDALENA,TENERIFE,47798
21090,MAGDALENA,ZAPAYAN,47960
21095,MAGDALENA,ZONA BANANERA (SEVILLA),47980
52001,META,VILLAVICENCIO,50001
52005,META,ACACIAS,50006
52006,META,BARRANCA DE UPIA,50110
52008,META,CABUYARO,50124
52010,META,CASTILLA LA NUEVA,50150
52015,META,CUBARRAL,50223
52020,META,CUMARAL,50226
52025,META,EL CALVARIO,50245
52027,META,EL CASTILLO,50251
52028,META,EL DORADO,50270
52030,META,FUENTE DE ORO,50287
52035,META,GRANADA,50313
52040,META,GUAMAL,50318
52046,META,MAPIRIPAN,50325
52044,META,MESETAS,50330
52041,META,LA MACARENA,50350
52074,META,URIBE,50370
52042,META,LEJANIAS,50400
52047,META,PUERTO CONCORDIA,50450
52043,META,PUERTO GAITAN,50568
52045,META,PUERTO LOPEZ,50573
52048,META,PUERTO LLERAS,50577
52049,META,PUERTO RICO,50590
52050,META,RESTREPO,50606
52055,META,SAN CARLOS DE GUAROA,50680
52058,META,SAN JUAN DE ARAMA,50683
52059,META,SAN JUANITO,50686
52060,META,SAN MARTIN DE LOS LLANOS,50689
52080,META,VISTA HERMOSA,50711
23001,NARIÑO,PASTO,52001
23004,NARIÑO,ALBAN (SAN JOSE),52019
23007,NARIÑO,ALDANA,52022
23010,NARIÑO,ANCUYA,52036
23013,NARIÑO,ARBOLEDA (BERRUECOS),52051
23016,NARIÑO,BARBACOAS,52079
23017,NARIÑO,BELEN,52083
23019,NARIÑO,BUESACO,52110
23022,NARIÑO,COLON (GENOVA),52203
23025,NARIÑO,CONSACA,52207
23028,NARIÑO,CONTADERO,52210
23031,NARIÑO,CORDOBA,52215
23034,NARIÑO,CUASPUD (CARLOSAMA),52224
23037,NARIÑO,CUMBAL,52227
23039,NARIÑO,CUMBITARA,52233
23038,NARIÑO,CHACHAGUI,52240
23041,NARIÑO,EL CHARCO,52250
23044,NARIÑO,EL PEÑOL,52254
23040,NARIÑO,EL ROSARIO,52256
23043,NARIÑO,EL TABLON,52258
23046,NARIÑO,EL TAMBO,52260
23049,NARIÑO,FUNES,52287
23052,NARIÑO,GUACHUCAL,52317
23055,NARIÑO,GUAITARILLA,52320
23058,NARIÑO,GUALMATAN,52323
23061,NARIÑO,ILES,52352
23064,NARIÑO,IMUES,52354
23067,NARIÑO,IPIALES,52356
23073,NARIÑO,LA CRUZ,52378
23076,NARIÑO,LA FLORIDA,52381
23077,NARIÑO,LA LLANADA,52385
23078,NARIÑO,LA TOLA,52390
23079,NARIÑO,LA UNION,52399
23080,NARIÑO,LEIVA,52405
23082,NARIÑO,LINARES,52411
23085,NARIÑO,LOS ANDES (SOTOMAYOR),52418
23088,NARIÑO,MAGUI (PAYAN),52427
23091,NARIÑO,MALLAMA (PIEDRANCHA),52435
23094,NARIÑO,MOSQUERA,52473
23096,NARIÑO,NARIÑO,52480
23095,NARIÑO,OLAYA HERRERA,52490
23097,NARIÑO,OSPINA,52506
23047,NARIÑO,FRANCISCO PIZARRO (SALAHONDA),52520
23098,NARIÑO,POLICARPA,52540
23100,NARIÑO,POTOSI,52560
23101,NARIÑO,PROVIDENCIA,52565
23103,NARIÑO,PUERRES,52573
23106,NARIÑO,PUPIALES,52585
23109,NARIÑO,RICAURTE,52612
23112,NARIÑO,ROBERTO PAYAN (SAN JOSE),52621
23115,NARIÑO,SAMANIEGO,52678
23118,NARIÑO,SANDONA,52683
23120,NARIÑO,SAN BERNARDO,52685
23121,NARIÑO,SAN LORENZO,52687
23124,NARIÑO,SAN PABLO,52693
23123,NARIÑO,SAN PEDRO DE CARTAGO,52694
23125,NARIÑO,SANTA BARBARA (ISCUANDE),52696
23127,NARIÑO,SANTACRUZ (GUACHAVES),52699
23130,NARIÑO,SAPUYES,52720
23133,NARIÑO,TAMINANGO,52786
23136,NARIÑO,TANGUA,52788
23139,NARIÑO,TUMACO,52835
23142,NARIÑO,TUQUERRES,52838
23145,NARIÑO,YACUANQUER,52885
25001,NORTE DE SANTANDER,CUCUTA,54001
25004,NORTE DE SANTANDER,ABREGO,54003
25007,NORTE DE SANTANDER,ARBOLEDAS,54051
25010,NORTE DE SANTANDER,BOCHALEMA,54099
25013,NORTE DE SANTANDER,BUCARASICA,54109
25016,NORTE DE SANTANDER,CACOTA,54125
25019,NORTE DE SANTANDER,CACHIRA,54128
25028,NORTE DE SANTANDER,CHINACOTA,54172
25031,NORTE DE SANTANDER,CHITAGA,54174
25022,NORTE DE SANTANDER,CONVENCION,54206
25025,NORTE DE SANTANDER,CUCUTILLA,54223
25034,NORTE DE SANTANDER,DURANIA,54239
25037,NORTE DE SANTANDER,EL CARMEN,54245
25036,NORTE DE SANTANDER,EL TARRA,54250
25038,NORTE DE SANTANDER,EL ZULIA,54261
25040,NORTE DE SANTANDER,GRAMALOTE,54313
25043,NORTE DE SANTANDER,HACARI,54344
25046,NORTE DE SANTANDER,HERRAN,54347
25049,NORTE DE SANTANDER,LABATECA,54377
25051,NORTE DE SANTANDER,LA ESPERANZA,54385
25052,NORTE DE SANTANDER,LA PLAYA,54398
25054,NORTE DE SANTANDER,LOS PATIOS,54405
25055,NORTE DE SANTANDER,LOURDES,54418
25058,NORTE DE SANTANDER,MUTISCUA,54480
25061,NORTE DE SANTANDER,OCAÑA,54498
25064,NORTE DE SANTANDER,PAMPLONA,54518
25067,NORTE DE SANTANDER,PAMPLONITA,54520
25069,NORTE DE SANTANDER,PUERTO SANTANDER,54553
25070,NORTE DE SANTANDER,RAGONVALIA,54599
25073,NORTE DE SANTANDER,SALAZAR,54660
25076,NORTE DE SANTANDER,SAN CALIXTO,54670
25079,NORTE DE SANTANDER,SAN CAYETANO,54673
25082,NORTE DE SANTANDER,SANTIAGO,54680
25085,NORTE DE SANTANDER,SARDINATA,54720
25088,NORTE DE SANTANDER,SILOS,54743
25091,NORTE DE SANTANDER,TEORAMA,54800
25093,NORTE DE SANTANDER,TIBU,54810
25094,NORTE DE SANTANDER,TOLEDO,54820
25097,NORTE DE SANTANDER,VILLA CARO,54871
25100,NORTE DE SANTANDER,VILLA DEL ROSARIO,54874
26001,QUINDIO,ARMENIA,63001
26005,QUINDIO,BUENAVISTA,63111
26010,QUINDIO,CALARCA,63130
26020,QUINDIO,CIRCASIA,63190
26025,QUINDIO,CORDOBA,63212
26030,QUINDIO,FILANDIA,63272
26040,QUINDIO,GENOVA,63302
26050,QUINDIO,LA TEBAIDA,63401
26060,QUINDIO,MONTENEGRO,63470
26070,QUINDIO,PIJAO,63548
26080,QUINDIO,QUIMBAYA,63594
26090,QUINDIO,SALENTO,63690
24001,RISARALDA,PEREIRA,66001
24008,RISARALDA,APIA,66045
24013,RISARALDA,BALBOA,66075
24021,RISARALDA,BELEN DE UMBRIA,66088
24025,RISARALDA,DOSQUEBRADAS,66170
24029,RISARALDA,GUATICA,66318
24038,RISARALDA,LA CELIA,66383
24046,RISARALDA,LA VIRGINIA,66400
24054,RISARALDA,MARSELLA,66440
24062,RISARALDA,MISTRATO,66456
24070,RISARALDA,PUEBLO RICO,66572
24078,RISARALDA,QUINCHIA,66594
24086,RISARALDA,SANTA ROSA DE CABAL,66682
24094,RISARALDA,SANTUARIO,66687
27001,SANTANDER,BUCARAMANGA,68001
27004,SANTANDER,AGUADA,68013
27007,SANTANDER,ALBANIA,68020
27010,SANTANDER,ARATOCA,68051
27013,SANTANDER,BARBOSA,68077
27016,SANTANDER,BARICHARA,68079
27019,SANTANDER,BARRANCABERMEJA,68081
27022,SANTANDER,BETULIA,68092
27025,SANTANDER,BOLIVAR,68101
27028,SANTANDER,CABRERA,68121
27031,SANTANDER,CALIFORNIA,68132
27034,SANTANDER,CAPITANEJO,68147
27037,SANTANDER,CARCASI,68152
27040,SANTANDER,CEPITA,68160
27043,SANTANDER,CERRITO,68162
27061,SANTANDER,CHARALA,68167
27064,SANTANDER,CHARTA,68169
27067,SANTANDER,CHIMA,68176
27070,SANTANDER,CHIPATA,68179
27045,SANTANDER,CIMITARRA,68190
27046,SANTANDER,CONCEPCION,68207
27049,SANTANDER,CONFINES,68209
27052,SANTANDER,CONTRATACION,68211
27055,SANTANDER,COROMORO,68217
27058,SANTANDER,CURITI,68229
27071,SANTANDER,EL CARMEN,68235
27073,SANTANDER,EL GUACAMAYO,68245
27075,SANTANDER,EL PEÑON,68250
27074,SANTANDER,EL PLAYON,68255
27076,SANTANDER,ENCINO,68264
27079,SANTANDER,ENCISO,68266
27080,SANTANDER,FLORIAN,68271
27082,SANTANDER,FLORIDABLANCA,68276
27085,SANTANDER,GALAN,68296
27088,SANTANDER,GAMBITA,68298
27091,SANTANDER,GIRON,68307
27094,SANTANDER,GUACA,68318
27097,SANTANDER,GUADALUPE,68320
27100,SANTANDER,GUAPOTA,68322
27103,SANTANDER,GUAVATA,68324
27106,SANTANDER,GUEPSA,68327
27109,SANTANDER,HATO,68344
27112,SANTANDER,JESUS MARIA,68368
27115,SANTANDER,JORDAN,68370
27119,SANTANDER,LA BELLEZA,68377
27120,SANTANDER,LANDAZURI,68385
27118,SANTANDER,LA PAZ,68397
27121,SANTANDER,LEBRIJA,68406
27124,SANTANDER,LOS SANTOS,68418
27127,SANTANDER,MACARAVITA,68425
27130,SANTANDER,MALAGA,68432
27133,SANTANDER,MATANZA,68444
27136,SANTANDER,MOGOTES,68464
27139,SANTANDER,MOLAGAVITA,68468
27142,SANTANDER,OCAMONTE,68498
27145,SANTANDER,OIBA,68500
27148,SANTANDER,ONZAGA,68502
27151,SANTANDER,PALMAR,68522
27154,SANTANDER,PALMAS DEL SOCORRO,68524
27157,SANTANDER,PARAMO,68533
27160,SANTANDER,PIEDECUESTA,68547
27163,SANTANDER,PINCHOTE,68549
27166,SANTANDER,PUENTE NACIONAL,68572
27167,SANTANDER,PUERTO PARRA,68573
27169,SANTANDER,PUERTO WILCHES,68575
27172,SANTANDER,RIONEGRO,68615
27174,SANTANDER,SABANA DE TORRES,68655
27175,SANTANDER,SAN ANDRES,68669
27178,SANTANDER,SAN BENITO,68673
27181,SANTANDER,SAN GIL,68679
27184,SANTANDER,SAN JOAQUIN,68682
27187,SANTANDER,SAN JOSE DE MIRANDA,68684
27190,SANTANDER,SAN MIGUEL,68686
27193,SANTANDER,SAN VICENTE DE CHUCURI,68689
27195,SANTANDER,SANTA BARBARA,68705
27194,SANTANDER,SANTA HELENA DEL OPON,68720
27196,SANTANDER,SIMACOTA,68745
27199,SANTANDER,SOCORRO,68755
27202,SANTANDER,SUAITA,68770
27205,SANTANDER,SUCRE,68773
27208,SANTANDER,SURATA,68780
27211,SANTANDER,TONA,68820
27217,SANTANDER,VALLE DE SAN JOSE,68855
27220,SANTANDER,VELEZ,68861
27219,SANTANDER,VETAS,68867
27221,SANTANDER,VILLANUEVA,68872
27223,SANTANDER,ZAPATOCA,68895
28001,SUCRE,SINCELEJO,70001
28010,SUCRE,BUENAVISTA,70110
28020,SUCRE,CAIMITO,70124
28030,SUCRE,COLOSO (RICAURTE),70204
28040,SUCRE,COROZAL,70215
28041,SUCRE,COVEÑAS,70221
28045,SUCRE,CHALAN,70230
28042,SUCRE,EL ROBLE,70233
28048,SUCRE,GALERAS (NUEVA GRANADA),70235
28049,SUCRE,GUARANDA,70265
28050,SUCRE,LA UNION,70400
28055,SUCRE,LOS PALMITOS,70418
28060,SUCRE,MAJAGUAL,70429
28080,SUCRE,MORROA,70473
28100,SUCRE,OVEJAS,70508
28120,SUCRE,PALMITO,70523
28160,SUCRE,SAMPUES,70670
28180,SUCRE,SAN BENITO ABAD,70678
28190,SUCRE,SAN JUAN DE BETULIA (BETULIA),70702
28200,SUCRE,SAN MARCOS,70708
28220,SUCRE,SAN ONOFRE,70713
28240,SUCRE,SAN PEDRO,70717
28260,SUCRE,SINCE,70742
28280,SUCRE,SUCRE,70771
28300,SUCRE,TOLU,70820
28320,SUCRE,TOLUVIEJO,70823
29001,TOLIMA,IBAGUE,73001
29004,TOLIMA,ALPUJARRA,73024
29007,TOLIMA,ALVARADO,73026
29010,TOLIMA,AMBALEMA,73030
29013,TOLIMA,ANZOATEGUI,73043
29016,TOLIMA,ARMERO (GUAYABAL),73055
29019,TOLIMA,ATACO,73067
29022,TOLIMA,CAJAMARCA,73124
29025,TOLIMA,CARMEN DE APICALA,73148
29028,TOLIMA,CASABIANCA,73152
29040,TOLIMA,CHAPARRAL,73168
29031,TOLIMA,COELLO,73200
29034,TOLIMA,COYAIMA,73217
29037,TOLIMA,CUNDAY,73226
29043,TOLIMA,DOLORES,73236
29046,TOLIMA,ESPINAL,73268
29049,TOLIMA,FALAN,73270
29052,TOLIMA,FLANDES,73275
29055,TOLIMA,FRESNO,73283
29058,TOLIMA,GUAMO,73319
29061,TOLIMA,HERVEO,73347
29064,TOLIMA,HONDA,73349
29067,TOLIMA,ICONONZO,73352
29070,TOLIMA,LERIDA,73408
29073,TOLIMA,LIBANO,73411
29076,TOLIMA,MARIQUITA,73443
29079,TOLIMA,MELGAR,73449
29080,TOLIMA,MURILLO,73461
29082,TOLIMA,NATAGAIMA,73483
29085,TOLIMA,ORTEGA,73504
29087,TOLIMA,PALOCABILDO,73520
29088,TOLIMA,PIEDRAS,73547
29089,TOLIMA,PLANADAS,73555
29091,TOLIMA,PRADO,73563
29094,TOLIMA,PURIFICACION,73585
29097,TOLIMA,RIOBLANCO,73616
29100,TOLIMA,RONCESVALLES,73622
29103,TOLIMA,ROVIRA,73624
29105,TOLIMA,SALDAÑA,73671
29106,TOLIMA,SAN ANTONIO,73675
29109,TOLIMA,SAN LUIS,73678
29112,TOLIMA,SANTA ISABEL,73686
29115,TOLIMA,SUAREZ,73770
29118,TOLIMA,VALLE DE SAN JUAN,73854
29121,TOLIMA,VENADILLO,73861
29124,TOLIMA,VILLAHERMOSA,73870
29127,TOLIMA,VILLARRICA,73873
31001,VALLE,CALI,76001
31004,VALLE,ALCALA,76020
31007,VALLE,ANDALUCIA,76036
31010,VALLE,ANSERMANUEVO,76041
31013,VALLE,ARGELIA,76054
31016,VALLE,BOLIVAR,76100
31019,VALLE,BUENAVENTURA,76109
31022,VALLE,BUGA,76111
31025,VALLE,BUGALAGRANDE,76113
31028,VALLE,CAICEDONIA,76122
31040,VALLE,CALIMA (DARIEN),76126
31031,VALLE,CANDELARIA,76130
31034,VALLE,CARTAGO,76147
31037,VALLE,DAGUA,76233
31043,VALLE,EL AGUILA,76243
31046,VALLE,EL CAIRO,76246
31049,VALLE,EL CERRITO,76248
31052,VALLE,EL DOVIO,76250
31055,VALLE,FLORIDA,76275
31058,VALLE,GINEBRA,76306
31061,VALLE,GUACARI,76318
31064,VALLE,JAMUNDI,76364
31067,VALLE,LA CUMBRE,76377
31070,VALLE,LA UNION,76400
31073,VALLE,LA VICTORIA,76403
31076,VALLE,OBANDO,76497
31079,VALLE,PALMIRA,76520
31082,VALLE,PRADERA,76563
31085,VALLE,RESTREPO,76606
31088,VALLE,RIOFRIO,76616
31091,VALLE,ROLDANILLO,76622
31094,VALLE,SAN PEDRO,76670
31097,VALLE,SEVILLA,76736
31100,VALLE,TORO,76823
31103,VALLE,TRUJILLO,76828
31106,VALLE,TULUA,76834
31109,VALLE,ULLOA,76845
31112,VALLE,VERSALLES,76863
31115,VALLE,VIJES,76869
31118,VALLE,YOTOCO,76890
31121,VALLE,YUMBO,76892
31124,VALLE,ZARZAL,76895
40001,ARAUCA,ARAUCA,81001
40010,ARAUCA,ARAUQUITA,81065
40015,ARAUCA,CRAVO NORTE,81220
40017,ARAUCA,FORTUL,81300
40020,ARAUCA,PUERTO RONDON,81591
40025,ARAUCA,SARAVENA,81736
40005,ARAUCA,TAME,81794
46001,CASANARE,YOPAL,85001
46040,CASANARE,AGUAZUL,85010
46120,CASANARE,CHAMEZA,85015
46320,CASANARE,HATO COROZAL,85125
46480,CASANARE,LA SALINA,85136
46520,CASANARE,MANI,85139
46540,CASANARE,MONTERREY,85162
46560,CASANARE,NUNCHIA,85225
46640,CASANARE,OROCUE,85230
46680,CASANARE,PAZ DE ARIPORO (MORENO),85250
46700,CASANARE,PORE,85263
46760,CASANARE,RECETOR,85279
46800,CASANARE,SABANALARGA,85300
46815,CASANARE,SACAMA,85315
46830,CASANARE,SAN LUIS DE PALENQUE,85325
46840,CASANARE,TAMARA,85400
46850,CASANARE,TAURAMENA,85410
46865,CASANARE,TRINIDAD,85430
46880,CASANARE,VILLANUEVA,85440
64001,PUTUMAYO,MOCOA,86001
64007,PUTUMAYO,COLON,86219
64023,PUTUMAYO,ORITO,86320
64002,PUTUMAYO,PUERTO ASIS,86568
64026,PUTUMAYO,PUERTO CAICEDO,86569
64025,PUTUMAYO,PUERTO GUZMAN,86571
64004,PUTUMAYO,PUERTO LEGUIZAMO,86573
64019,PUTUMAYO,SIBUNDOY,86749
64013,PUTUMAYO,SAN FRANCISCO,86755
64018,PUTUMAYO,SAN MIGUEL (LA DORADA),86757
64016,PUTUMAYO,SANTIAGO,86760
64028,PUTUMAYO,VALLE DEL GUAMUEZ (LA HORMIGA),86865
64030,PUTUMAYO,VILLAGARZON,86885
56001,SAN ANDRES,SAN ANDRES,88001
56004,SAN ANDRES,PROVIDENCIA,88564
60001,AMAZONAS,LETICIA,91001
60010,AMAZONAS,EL ENCANTO,91263
60013,AMAZONAS,LA CHORRERA,91405
60016,AMAZONAS,LA PEDRERA,91407
60017,AMAZONAS,LA VICTORIA,91430
60019,AMAZONAS,MIRITI PARANA,91460
60030,AMAZONAS,PUERTO ALEGRIA,91530
60040,AMAZONAS,PUERTO ARICA,91536
60007,AMAZONAS,PUERTO NARIÑO,91540
60021,AMAZONAS,PUERTO SANTANDER,91669
60022,AMAZONAS,TARAPACA,91798
50001,GUAINIA,INIRIDA,94001
50070,GUAINIA,BARRANCO MINAS,94343
50050,GUAINIA,MAPIRIPANA,94663
50092,GUAINIA,SAN FELIPE,94883
50090,GUAINIA,PUERTO COLOMBIA,94884
50078,GUAINIA,LA GUADALUPE,94885
50073,GUAINIA,CACAHUAL,94886
50087,GUAINIA,PANA PANA (CAMPO ALEGRE),94887
50083,GUAINIA,MORICHAL (MORICHAL NUEVO),94888
54001,GUAVIARE,SAN JOSE DEL GUAVIARE,95001
54003,GUAVIARE,CALAMAR,95015
54007,GUAVIARE,EL RETORNO,95025
54012,GUAVIARE,MIRAFLORES,95200
68001,VAUPES,MITU,97001
68004,VAUPES,CARURU,97161
68013,VAUPES,BUENOS AIRES (PACOA),97511
68017,VAUPES,TARAIRA,97666
68010,VAUPES,MORICHAL (PAPUNAGUA),97777
68022,VAUPES,YAVARATE,97889
72001,VICHADA,PUERTO CARREÑO,99001
72008,VICHADA,LA PRIMAVERA,99524
72002,VICHADA,SANTA ROSALIA,99624
72006,VICHADA,CUMARIBO,99773