ID,FechaNoticia,MOEDenunciaCiudadanos,Anulaciondecedulas,Delito,source,Enlace1,Enlace2,Enlace3,Enlace4,Enlace5,Enlace6,Enlace7,Enlace8,Enlace9,Enlace10,Enlace11,Enlace12
5051,27/10/2019,0,0,intervencion de funcionarios publicos,CNE,https://www.bluradio.com/nacion/elecciones/removidos-3-registradores-locales-en-antioquia-por-delitos-electorales-e-incapacidad,,,,,,,,,,,
5051,27/10/2019,0,0,intervencion de funcionarios publicos,CNE,https://www.wradio.com.co/noticias/regionales/cuatro-registradores-fueron-removidos-previo-a-las-elecciones-en-antioquia/20191027/nota/3971744.aspx,,,,,,,,,,,
5051,27/10/2019,0,0,fraude electoral,Pares,https://www.pares.com.co/post/un-balance-nacional-de-estas-elecciones-locales-2019,,,,,,,,,,,
5120,01nov2019,0,0,disturbio post,Siglo Data,http://co.mmi-e.com/visor.php?tipo=radio&id=TkRneA==&zona_id=5&ano=2019&mes=11,,,,,,,,,,,
5250,27/10/2019,0,0,compra de votos,Pares,https://www.pares.com.co/post/un-balance-nacional-de-estas-elecciones-locales-2019,,,,,,,,,,,
5250,27/10/2019,0,0,intimidacion al votante,CNE,https://www.lafm.com.co/politica/elecciones-2019-asi-avanza-jornada-electoral-en-colombia,,,,,,,,,,,
5282,27/10/2019,0,0,intervencion de funcionarios publicos,CNE,https://www.bluradio.com/nacion/elecciones/removidos-3-registradores-locales-en-antioquia-por-delitos-electorales-e-incapacidad,,,,,,,,,,,
5361,27/10/2019,0,0,compra de votos,Pares,https://www.pares.com.co/post/un-balance-nacional-de-estas-elecciones-locales-2019,,,,,,,,,,,
5495,29oct2019,0,0,disturbio post,Siglo Data,http://www.eje21.com.co/2019/10/incendian-alcaldia-colombiana-en-protestas-por-los-resultados-electorales/,http://co.mmi-e.com/visor.php?tipo=radio&id=TXpJd01UTT0=&zona_id=5&ano=2019&mes=10,http://www.elfrente.com.co/web/index.php?ecsmodule=frmstasection&ida=54&idb=100&idc=43991,https://chicanoticias.com/2019/10/29/en-nechi-antioquia-manifestantes-incendiaron-la-alcaldia/,https://www.elpais.com.co/colombia/incendian-alcaldia-de-nechi-antioquia-en-protestas-por-los-resultados-electorales.html,,,,,,,
5495,28oct2019,1,0,otro - irregularidad en manejo de material electoral,Siglo Data,http://co.mmi-e.com/accesopdf.php?RUTA=VOLSNFS/disk11/zona_5/pdf/2019/A/20191028PI005.PDF,http://co.mmi-e.com/accesopdf.php?RUTA=VOLSNFS/disk11/zona_5/pdf/2019/A/20191028PI006.PDF,,,,,,,,,,
5495,01nov2019,0,0,disturbio post,Siglo Data,http://co.mmi-e.com/visor.php?tipo=radio&id=TkRneA==&zona_id=5&ano=2019&mes=11,,,,,,,,,,,
5495,29oct2019,0,0,otro - irregularidad en manejo de material electoral,Siglo Data,https://chicanoticias.com/2019/10/29/en-nechi-antioquia-manifestantes-incendiaron-la-alcaldia/,,,,,,,,,,,
5631,28oct2019,1,0,otro,Siglo Data,http://co.mmi-e.com/accesopdf.php?RUTA=VOLSNFS/disk11/zona_5/pdf/2019/A/201910281B003.PDF,,,,,,,,,,,
5656,27/10/2019,0,0,otro,CNE,https://www.wradio.com.co/noticias/regionales/cuatro-registradores-fueron-removidos-previo-a-las-elecciones-en-antioquia/20191027/nota/3971744.aspx,,,,,,,,,,,
5736,28oct2019,1,0,compra de votos,Siglo Data,http://co.mmi-e.com/accesopdf.php?RUTA=VOLSNFS/disk11/zona_5/pdf/2019/A/20191028PI005.PDF,http://co.mmi-e.com/accesopdf.php?RUTA=VOLSNFS/disk11/zona_5/pdf/2019/A/20191028PI006.PDF,,,,,,,,,,
5761,27/10/2019,0,0,intervencion de funcionarios publicos,CNE,https://www.wradio.com.co/noticias/regionales/cuatro-registradores-fueron-removidos-previo-a-las-elecciones-en-antioquia/20191027/nota/3971744.aspx,,,,,,,,,,,
5790,29/10/2019,0,0,disturbio post,Siglo Data,http://co.mmi-e.com/visor.php?tipo=tv&id=TWpBNE5qZz0=&zona_id=5&ano=2019&mes=10,,,,,,,,,,,
5854,27/10/2019,0,0,trashumancia,CNE,https://twitter.com/votocolombiano/status/1188495160012955649?s=21,,,,,,,,,,,
8372,26oct2019,0,0,trashumancia,Siglo Data,http://co.mmi-e.com/accesopdf.php?RUTA=VOLSNFS/disk11/zona_5/pdf/2019/A/20191026HR002.PDF,http://co.mmi-e.com/accesopdf.php?RUTA=VOLSNFS/disk11/zona_5/pdf/2019/A/20191026HR003.PDF,,,,,,,,,,
8433,26oct2019,0,0,trashumancia,Siglo Data,http://co.mmi-e.com/accesopdf.php?RUTA=VOLSNFS/disk11/zona_5/pdf/2019/A/20191026HR002.PDF,http://co.mmi-e.com/accesopdf.php?RUTA=VOLSNFS/disk11/zona_5/pdf/2019/A/20191026HR003.PDF,,,,,,,,,,
8436,27/10/2019,0,0,intimidacion al votante,CNE,https://twitter.com/blucaribe/status/1188470803538567175?s=21,,,,,,,,,,,
8573,30oct2019,0,1,anulacion cedulas,Siglo Data,http://co.mmi-e.com/visor.php?tipo=radio&id=TXpRNE1Eaz0=&zona_id=5&ano=2019&mes=10,,,,,,,,,,,
8573,26oct2019,0,0,trashumancia,Siglo Data,http://co.mmi-e.com/accesopdf.php?RUTA=VOLSNFS/disk11/zona_5/pdf/2019/A/20191026HR002.PDF,http://co.mmi-e.com/accesopdf.php?RUTA=VOLSNFS/disk11/zona_5/pdf/2019/A/20191026HR003.PDF,,,,,,,,,,
8634,26oct2019,0,0,trashumancia,Siglo Data,http://co.mmi-e.com/accesopdf.php?RUTA=VOLSNFS/disk11/zona_5/pdf/2019/A/20191026HR002.PDF,http://co.mmi-e.com/accesopdf.php?RUTA=VOLSNFS/disk11/zona_5/pdf/2019/A/20191026HR003.PDF,,,,,,,,,,
8685,26oct2019,0,0,trashumancia,Siglo Data,http://co.mmi-e.com/accesopdf.php?RUTA=VOLSNFS/disk11/zona_5/pdf/2019/A/20191026HR002.PDF,http://co.mmi-e.com/accesopdf.php?RUTA=VOLSNFS/disk11/zona_5/pdf/2019/A/20191026HR003.PDF,,,,,,,,,,
8770,26oct2019,0,0,trashumancia,Siglo Data,http://co.mmi-e.com/accesopdf.php?RUTA=VOLSNFS/disk11/zona_5/pdf/2019/A/20191026HR002.PDF,http://co.mmi-e.com/accesopdf.php?RUTA=VOLSNFS/disk11/zona_5/pdf/2019/A/20191026HR003.PDF,,,,,,,,,,
8832,28oct2019,1,0,compra de votos,Siglo Data,http://co.mmi-e.com/accesopdf.php?RUTA=VOLSNFS/disk11/zona_5/pdf/2019/A/20191028PI005.PDF,http://co.mmi-e.com/accesopdf.php?RUTA=VOLSNFS/disk11/zona_5/pdf/2019/A/20191028PI006.PDF,,,,,,,,,,
8832,26oct2019,0,0,trashumancia,Siglo Data,http://co.mmi-e.com/accesopdf.php?RUTA=VOLSNFS/disk11/zona_5/pdf/2019/A/20191026HR002.PDF,http://co.mmi-e.com/accesopdf.php?RUTA=VOLSNFS/disk11/zona_5/pdf/2019/A/20191026HR003.PDF,,,,,,,,,,
13006,29oct2019,0,0,disturbio post,Siglo Data,https://barrancabermeja.extra.com.co/noticias/nacional/tension-en-achi-seguidores-de-un-candidato-perdedor-intentar-570339,https://boyaca.extra.com.co/noticias/nacional/tension-en-achi-seguidores-de-un-candidato-perdedor-intentar-570339,https://bucaramanga.extra.com.co/noticias/nacional/tension-en-achi-seguidores-de-un-candidato-perdedor-intentar-570339,https://girardot.extra.com.co/noticias/nacional/tension-en-achi-seguidores-de-un-candidato-perdedor-intentar-570339,,,,,,,,
13006,27/10/2019,0,0,compra de votos,CNE,https://www.lafm.com.co/politica/elecciones-2019-asi-avanza-jornada-electoral-en-colombia,,,,,,,,,,,
13006,29oct2019,0,0,disturbio post,Siglo Data,http://co.mmi-e.com/visor.php?tipo=tv&id=TWpBNE5qZz0=&zona_id=5&ano=2019&mes=10,,,,,,,,,,,
13006,27/10/2019,0,0,compra de votos,Pares,https://www.pares.com.co/post/un-balance-nacional-de-estas-elecciones-locales-2019,,,,,,,,,,,
13140,29oct2019,0,0,disturbio post,Siglo Data,http://co.mmi-e.com/visor.php?tipo=tv&id=TWpBNE5qZz0=&zona_id=5&ano=2019&mes=10,,,,,,,,,,,
13212,26oct2019,0,0,no especifica,Siglo Data,http://co.mmi-e.com/accesopdf.php?RUTA=VOLSNFS/disk11/zona_5/pdf/2019/A/20191026HR002.PDF,http://co.mmi-e.com/accesopdf.php?RUTA=VOLSNFS/disk11/zona_5/pdf/2019/A/20191026HR003.PDF,,,,,,,,,,
13222,29oct2019,0,0,disturbio post,Siglo Data,http://co.mmi-e.com/visor.php?tipo=tv&id=TWpBNE5qZz0=&zona_id=5&ano=2019&mes=10,,,,,,,,,,,
13430,27/10/2019,0,0,fraude electoral,Pares,https://www.pares.com.co/post/un-balance-nacional-de-estas-elecciones-locales-2019,,,,,,,,,,,
13440,26oct2019,0,0,trashumancia,Siglo Data,http://co.mmi-e.com/accesopdf.php?RUTA=VOLSNFS/disk11/zona_5/pdf/2019/A/20191026HR002.PDF,http://co.mmi-e.com/accesopdf.php?RUTA=VOLSNFS/disk11/zona_5/pdf/2019/A/20191026HR003.PDF,,,,,,,,,,
13442,29oct2019,0,0,disturbio post,Siglo Data,http://co.mmi-e.com/visor.php?tipo=tv&id=TWpBNE5qZz0=&zona_id=5&ano=2019&mes=10,,,,,,,,,,,
13468,29oct2019,0,0,disturbio post,Siglo Data,http://co.mmi-e.com/visor.php?tipo=tv&id=TWpBNE5qZz0=&zona_id=5&ano=2019&mes=10,,,,,,,,,,,
13473,26oct2019,0,0,no especifica,Siglo Data,http://co.mmi-e.com/accesopdf.php?RUTA=VOLSNFS/disk11/zona_5/pdf/2019/A/20191026HR002.PDF,http://co.mmi-e.com/accesopdf.php?RUTA=VOLSNFS/disk11/zona_5/pdf/2019/A/20191026HR003.PDF,,,,,,,,,,
13549,27/10/2019,0,0,compra de votos,Pares,https://www.pares.com.co/post/un-balance-nacional-de-estas-elecciones-locales-2019,,,,,,,,,,,
13549,27/10/2019,0,0,compra de votos,CNE,https://www.bluradio.com/nacion/ojo-estas-son-las-novedades-reportadas-en-el-inicio-de-la-jornada-electoral,,,,,,,,,,,
13673,26oct2019,0,0,no especifica,Siglo Data,http://co.mmi-e.com/accesopdf.php?RUTA=VOLSNFS/disk11/zona_5/pdf/2019/A/20191026HR002.PDF,http://co.mmi-e.com/accesopdf.php?RUTA=VOLSNFS/disk11/zona_5/pdf/2019/A/20191026HR003.PDF,,,,,,,,,,
15047,25oct2019,0,0,disturbio pre,Siglo Data,http://co.mmi-e.com/accesopdf.php?RUTA=VOLSNFS/disk11/zona_5/pdf/2019/A/20191025BY004.PDF,http://co.mmi-e.com/accesopdf.php?RUTA=VOLSNFS/disk11/zona_5/pdf/2019/A/20191025BY007.PDF,,,,,,,,,,
15176,25oct2019,0,0,amenaza candidatos,Siglo Data,http://co.mmi-e.com/accesopdf.php?RUTA=VOLSNFS/disk11/zona_5/pdf/2019/A/20191025BY004.PDF,http://co.mmi-e.com/accesopdf.php?RUTA=VOLSNFS/disk11/zona_5/pdf/2019/A/20191025BY007.PDF,,,,,,,,,,
15176,27/10/2019,0,0,otro,Pares,https://www.pares.com.co/post/un-balance-nacional-de-estas-elecciones-locales-2019,,,,,,,,,,,
15238,25oct2019,0,0,amenaza candidatos,Siglo Data,http://co.mmi-e.com/accesopdf.php?RUTA=VOLSNFS/disk11/zona_5/pdf/2019/A/20191025BY004.PDF,http://co.mmi-e.com/accesopdf.php?RUTA=VOLSNFS/disk11/zona_5/pdf/2019/A/20191025BY007.PDF,,,,,,,,,,
15686,25oct2019,0,0,disturbio pre,Siglo Data,http://co.mmi-e.com/accesopdf.php?RUTA=VOLSNFS/disk11/zona_5/pdf/2019/A/20191025BY004.PDF,http://co.mmi-e.com/accesopdf.php?RUTA=VOLSNFS/disk11/zona_5/pdf/2019/A/20191025BY007.PDF,,,,,,,,,,
15686,27oct2019,0,0,disturbio dia elecciones,Siglo Data,https://www.eltiempo.com/colombia/otras-ciudades/elecciones-2019-disturbios-opacaron-elecciones-en-boyaca-choco-y-magdalena-427770,,,,,,,,,,,
15686,27/10/2019,0,0,disturbio dia de elecciones,Pares,https://www.pares.com.co/post/un-balance-nacional-de-estas-elecciones-locales-2019,,,,,,,,,,,
15755,25oct2019,0,0,intimidacion candidato,Siglo Data,http://co.mmi-e.com/accesopdf.php?RUTA=VOLSNFS/disk11/zona_5/pdf/2019/A/20191025BY004.PDF,http://co.mmi-e.com/accesopdf.php?RUTA=VOLSNFS/disk11/zona_5/pdf/2019/A/20191025BY007.PDF,,,,,,,,,,
15759,25oct2019,0,0,amenaza candidatos,Siglo Data,http://co.mmi-e.com/accesopdf.php?RUTA=VOLSNFS/disk11/zona_5/pdf/2019/A/20191025BY004.PDF,http://co.mmi-e.com/accesopdf.php?RUTA=VOLSNFS/disk11/zona_5/pdf/2019/A/20191025BY007.PDF,,,,,,,,,,
15814,25oct2019,0,0,disturbio pre,Siglo Data,http://co.mmi-e.com/accesopdf.php?RUTA=VOLSNFS/disk11/zona_5/pdf/2019/A/20191025BY004.PDF,http://co.mmi-e.com/accesopdf.php?RUTA=VOLSNFS/disk11/zona_5/pdf/2019/A/20191025BY007.PDF,,,,,,,,,,
17380,27/10/2019,0,0,intimidacion candidatos,Pares,https://www.pares.com.co/post/un-balance-nacional-de-estas-elecciones-locales-2019,,,,,,,,,,,
17380,29oct2019,0,0,intimidacion candidato,Siglo Data,http://www.eje21.com.co/2019/10/incendian-alcaldia-colombiana-en-protestas-por-los-resultados-electorales/,,,,,,,,,,,
17380,27/10/2019,0,0,intimidacion candidato,CNE,https://www.lafm.com.co/politica/elecciones-2019-asi-avanza-jornada-electoral-en-colombia,,,,,,,,,,,
17380,29oct2019,0,0,intimidacion candidato,Siglo Data,https://www.elpais.com.co/colombia/incendian-alcaldia-de-nechi-antioquia-en-protestas-por-los-resultados-electorales.html,,,,,,,,,,,
17614,27/10/2019,0,0,fraude electoral,Pares,https://www.pares.com.co/post/un-balance-nacional-de-estas-elecciones-locales-2019,,,,,,,,,,,
17873,24/10/2019,0,0,otro,CNE,https://colombiacheck.com/index.php/chequeos/la-encuesta-de-intencion-de-voto-para-la-alcaldia-de-villamaria-que-publico-james-cristian,,,,,,,,,,,
18150,27/10/2019,0,0,otro,CNE,https://www.bluradio.com/nacion/candidatos-acordaron-dar-tamales-a-votantes-en-san-jose-del-fragua-caqueta,,,,,,,,,,,
18610,27/10/2019,0,0,otro,CNE,https://www.bluradio.com/nacion/candidatos-acordaron-dar-tamales-a-votantes-en-san-jose-del-fragua-caqueta,,,,,,,,,,,
19130,27/10/2019,0,0,compra de votos,Pares,https://www.pares.com.co/post/un-balance-nacional-de-estas-elecciones-locales-2019,,,,,,,,,,,
19455,27/10/2019,0,0,intervencion en politica,Pares,https://www.pares.com.co/post/un-balance-nacional-de-estas-elecciones-locales-2019,,,,,,,,,,,
20011,28oct2019,0,0,compra de votos,Siglo Data,http://co.mmi-e.com/accesopdf.php?RUTA=VOLSNFS/disk11/zona_5/pdf/2019/A/20191028PI005.PDF,http://co.mmi-e.com/accesopdf.php?RUTA=VOLSNFS/disk11/zona_5/pdf/2019/A/20191028PI006.PDF,,,,,,,,,,
20013,26oct2019,0,0,compra de votos,Siglo Data,http://co.mmi-e.com/accesopdf.php?RUTA=VOLSNFS/disk11/zona_5/pdf/2019/A/20191026PI002.PDF,http://co.mmi-e.com/accesopdf.php?RUTA=VOLSNFS/disk11/zona_5/pdf/2019/A/20191026PI004.PDF,,,,,,,,,,
20013,28oct2019,1,0,publicidad ilicita,Siglo Data,http://co.mmi-e.com/accesopdf.php?RUTA=VOLSNFS/disk11/zona_5/pdf/2019/A/20191028PI005.PDF,http://co.mmi-e.com/accesopdf.php?RUTA=VOLSNFS/disk11/zona_5/pdf/2019/A/20191028PI006.PDF,,,,,,,,,,
20013,26oct2019,0,0,intervencion de funcionarios publicos,Siglo Data,http://co.mmi-e.com/accesopdf.php?RUTA=VOLSNFS/disk11/zona_5/pdf/2019/A/20191026PI002.PDF,http://co.mmi-e.com/accesopdf.php?RUTA=VOLSNFS/disk11/zona_5/pdf/2019/A/20191026PI004.PDF,,,,,,,,,,
20032,28oct2019,1,0,otro - irregularidad en manejo de material electoral,Siglo Data,http://co.mmi-e.com/accesopdf.php?RUTA=VOLSNFS/disk11/zona_5/pdf/2019/A/20191028PI005.PDF,http://co.mmi-e.com/accesopdf.php?RUTA=VOLSNFS/disk11/zona_5/pdf/2019/A/20191028PI006.PDF,,,,,,,,,,
20032,28oct2019,1,0,publicidad ilicita,Siglo Data,http://co.mmi-e.com/accesopdf.php?RUTA=VOLSNFS/disk11/zona_5/pdf/2019/A/20191028PI005.PDF,http://co.mmi-e.com/accesopdf.php?RUTA=VOLSNFS/disk11/zona_5/pdf/2019/A/20191028PI006.PDF,,,,,,,,,,
20045,27/10/2019,0,0,otro,Pares,https://www.pares.com.co/post/un-balance-nacional-de-estas-elecciones-locales-2019,,,,,,,,,,,
20045,28oct2019,1,0,publicidad ilicita,Siglo Data,http://co.mmi-e.com/accesopdf.php?RUTA=VOLSNFS/disk11/zona_5/pdf/2019/A/20191028PI005.PDF,http://co.mmi-e.com/accesopdf.php?RUTA=VOLSNFS/disk11/zona_5/pdf/2019/A/20191028PI006.PDF,,,,,,,,,,
20060,28oct2019,1,0,no especifica,Siglo Data,http://co.mmi-e.com/accesopdf.php?RUTA=VOLSNFS/disk11/zona_5/pdf/2019/A/20191028PI005.PDF,http://co.mmi-e.com/accesopdf.php?RUTA=VOLSNFS/disk11/zona_5/pdf/2019/A/20191028PI006.PDF,,,,,,,,,,
20175,09nov2019,0,0,fraude electoral,Siglo Data,http://co.mmi-e.com/visor.php?tipo=tv&id=TlRnNU5nPT0=&zona_id=5&ano=2019&mes=11,,,,,,,,,,,
20175,28oct2019,1,0,publicidad ilicita,Siglo Data,http://co.mmi-e.com/accesopdf.php?RUTA=VOLSNFS/disk11/zona_5/pdf/2019/A/20191028PI005.PDF,http://co.mmi-e.com/accesopdf.php?RUTA=VOLSNFS/disk11/zona_5/pdf/2019/A/20191028PI006.PDF,,,,,,,,,,
20178,28oct2019,1,0,publicidad ilicita,Siglo Data,http://co.mmi-e.com/accesopdf.php?RUTA=VOLSNFS/disk11/zona_5/pdf/2019/A/20191028PI005.PDF,http://co.mmi-e.com/accesopdf.php?RUTA=VOLSNFS/disk11/zona_5/pdf/2019/A/20191028PI006.PDF,,,,,,,,,,
20228,28oct2019,1,0,otro - irregularidad en manejo de material electoral,Siglo Data,http://co.mmi-e.com/accesopdf.php?RUTA=VOLSNFS/disk11/zona_5/pdf/2019/A/20191028PI005.PDF,http://co.mmi-e.com/accesopdf.php?RUTA=VOLSNFS/disk11/zona_5/pdf/2019/A/20191028PI006.PDF,,,,,,,,,,
20228,28oct2019,1,0,publicidad ilicita,Siglo Data,http://co.mmi-e.com/accesopdf.php?RUTA=VOLSNFS/disk11/zona_5/pdf/2019/A/20191028PI005.PDF,http://co.mmi-e.com/accesopdf.php?RUTA=VOLSNFS/disk11/zona_5/pdf/2019/A/20191028PI006.PDF,,,,,,,,,,
20228,28oct2019,0,0,intimidacion al votante,Siglo Data,http://co.mmi-e.com/accesopdf.php?RUTA=VOLSNFS/disk11/zona_5/pdf/2019/A/20191028PI005.PDF,http://co.mmi-e.com/accesopdf.php?RUTA=VOLSNFS/disk11/zona_5/pdf/2019/A/20191028PI006.PDF,,,,,,,,,,
20238,28oct2019,1,0,publicidad ilicita,Siglo Data,http://co.mmi-e.com/accesopdf.php?RUTA=VOLSNFS/disk11/zona_5/pdf/2019/A/20191028PI005.PDF,http://co.mmi-e.com/accesopdf.php?RUTA=VOLSNFS/disk11/zona_5/pdf/2019/A/20191028PI006.PDF,,,,,,,,,,
20250,25oct2019,0,0,compra de votos,Siglo Data,http://co.mmi-e.com/accesopdf.php?RUTA=VOLSNFS/disk11/zona_5/pdf/2019/A/20191025EF013.PDF,,,,,,,,,,,
20250,25oct2019,0,0,intervencion de funcionarios publicos,Siglo Data,http://co.mmi-e.com/accesopdf.php?RUTA=VOLSNFS/disk11/zona_5/pdf/2019/A/20191025EF013.PDF,,,,,,,,,,,
20250,27/10/2019,0,0,compra de votos,CNE,https://canaltropical.co/?p=25062,,,,,,,,,,,
20250,27/10/2019,0,0,intervencion de funcionarios publicos,CNE,https://canaltropical.co/?p=25062,,,,,,,,,,,
20400,28oct2019,1,0,publicidad ilicita,Siglo Data,http://co.mmi-e.com/accesopdf.php?RUTA=VOLSNFS/disk11/zona_5/pdf/2019/A/20191028PI005.PDF,http://co.mmi-e.com/accesopdf.php?RUTA=VOLSNFS/disk11/zona_5/pdf/2019/A/20191028PI006.PDF,,,,,,,,,,
20443,28oct2019,1,0,publicidad ilicita,Siglo Data,http://co.mmi-e.com/accesopdf.php?RUTA=VOLSNFS/disk11/zona_5/pdf/2019/A/20191028PI005.PDF,http://co.mmi-e.com/accesopdf.php?RUTA=VOLSNFS/disk11/zona_5/pdf/2019/A/20191028PI006.PDF,,,,,,,,,,
20517,28oct2019,0,0,intimidacion al votante,Siglo Data,http://co.mmi-e.com/accesopdf.php?RUTA=VOLSNFS/disk11/zona_5/pdf/2019/A/20191028PI005.PDF,http://co.mmi-e.com/accesopdf.php?RUTA=VOLSNFS/disk11/zona_5/pdf/2019/A/20191028PI006.PDF,,,,,,,,,,
20550,28oct2019,0,0,intimidacion al votante,Siglo Data,http://co.mmi-e.com/accesopdf.php?RUTA=VOLSNFS/disk11/zona_5/pdf/2019/A/20191028PI005.PDF,http://co.mmi-e.com/accesopdf.php?RUTA=VOLSNFS/disk11/zona_5/pdf/2019/A/20191028PI006.PDF,,,,,,,,,,
20570,28oct2019,1,0,publicidad ilicita,Siglo Data,http://co.mmi-e.com/accesopdf.php?RUTA=VOLSNFS/disk11/zona_5/pdf/2019/A/20191028PI005.PDF,http://co.mmi-e.com/accesopdf.php?RUTA=VOLSNFS/disk11/zona_5/pdf/2019/A/20191028PI006.PDF,,,,,,,,,,
20621,27/10/2019,0,0,disturbio dia de elecciones,Pares,https://www.pares.com.co/post/un-balance-nacional-de-estas-elecciones-locales-2019,,,,,,,,,,,
20621,28oct2019,0,0,disturbio dia elecciones,Siglo Data,http://co.mmi-e.com/accesopdf.php?RUTA=VOLSNFS/disk11/zona_5/pdf/2019/A/20191028PI005.PDF,http://co.mmi-e.com/accesopdf.php?RUTA=VOLSNFS/disk11/zona_5/pdf/2019/A/20191028PI006.PDF,,,,,,,,,,
20621,28oct2019,1,0,publicidad ilicita,Siglo Data,http://co.mmi-e.com/accesopdf.php?RUTA=VOLSNFS/disk11/zona_5/pdf/2019/A/20191028PI005.PDF,http://co.mmi-e.com/accesopdf.php?RUTA=VOLSNFS/disk11/zona_5/pdf/2019/A/20191028PI006.PDF,,,,,,,,,,
20621,27/10/2019,0,0,disturbio dia elecciones,CNE,https://www.instagram.com/p/B4IOopvlUFG/?igshid=t6w7i54c2ztr,,,,,,,,,,,
23168,27/10/2019,0,0,fraude electoral,CNE,https://www.lalenguacaribe.co/2019/judicial/sacaron-material-electoral-de-la-registraduria-de-chima-y-lo-habrian-mentido-en-casa-de-candidata-a-la-alcaldia/,,,,,,,,,,,
23417,27/10/2019,0,0,fraude electoral,CNE,https://caracol.com.co/emisora/2019/10/27/monteria/1572186773_699162.html,,,,,,,,,,,
23417,27/10/2019,0,0,fraude electoral,Pares,https://www.pares.com.co/post/un-balance-nacional-de-estas-elecciones-locales-2019,,,,,,,,,,,
23466,01nov2019,0,0,fraude electoral,Siglo Data,http://www.lapiragua.co/jurado-de-votacion-denuncia-irregularidades-electorales-en-tierradentro-montelibano/cordoba/,,,,,,,,,,,
25200,28oct2019,0,0,disturbio post,Siglo Data,https://soachailustrada.com/2019/10/protestas-por-rsultados-eectorales-en-los-municipio-de-silvania-nilo-y-topaipi/,,,,,,,,,,,
25214, 11/3/2019,0,0,trashumancia,Siglo Data,http://co.mmi-e.com/visor.php?tipo=tv&id=TVRNeU5nPT0=&zona_id=5&ano=2019&mes=11,,,,,,,,,,,
25214, 11/3/2019,0,0,fraude electoral,Siglo Data,http://co.mmi-e.com/visor.php?tipo=tv&id=TVRNeU5nPT0=&zona_id=5&ano=2019&mes=11,http://co.mmi-e.com/visor.php?tipo=tv&id=TVRNM09BPT0=&zona_id=5&ano=2019&mes=11,,,,,,,,,,
25286,29oct2019,0,0,otro - irregularidad en manejo de material electoral,Siglo Data,http://co.mmi-e.com/visor.php?tipo=radio&id=TXpJd09EUT0=&zona_id=5&ano=2019&mes=10,https://caracol.com.co/emisora/2019/10/29/bogota/1572351495_044944.html,,,,,,,,,,
25286,29oct2019,0,0,publicidad ilicita,Siglo Data,https://caracol.com.co/emisora/2019/10/29/bogota/1572351495_044944.html,,,,,,,,,,,
25286,29oct2019,0,0,disturbio post,Siglo Data,http://co.mmi-e.com/visor.php?tipo=radio&id=TXpJd09EUT0=&zona_id=5&ano=2019&mes=10,https://caracol.com.co/emisora/2019/10/29/bogota/1572351495_044944.html,,,,,,,,,,
25307, 11/3/2019,0,0,fraude electoral,Siglo Data,https://extra.com.co/noticias/judicial/denunciaron-presuntas-anomalias-en-la-registraduria-de-girar-571632,https://girardot.extra.com.co/noticias/judicial/denunciaron-presuntas-anomalias-en-la-registraduria-de-girar-571632,https://hsbnoticias.com/noticias/judicial/denunciaron-presuntas-anomalias-en-la-registraduria-de-girar-571632,,,,,,,,,
25488,28oct2019,0,0,disturbio dia elecciones,Siglo Data,https://soachailustrada.com/2019/10/protestas-por-rsultados-eectorales-en-los-municipio-de-silvania-nilo-y-topaipi/,,,,,,,,,,,
25743,28oct2019,0,0,fraude electoral,Siglo Data,https://soachailustrada.com/2019/10/protestas-por-rsultados-eectorales-en-los-municipio-de-silvania-nilo-y-topaipi/,,,,,,,,,,,
25743,28oct2019,0,0,disturbio dia elecciones,Siglo Data,https://soachailustrada.com/2019/10/protestas-por-rsultados-eectorales-en-los-municipio-de-silvania-nilo-y-topaipi/,,,,,,,,,,,
27001,29oct2019,0,0,otro - irregularidad en manejo de material electoral,Siglo Data,http://co.mmi-e.com/visor.php?tipo=radio&id=TXpNMU9UQT0=&zona_id=5&ano=2019&mes=10,,,,,,,,,,,
27001,27/10/2019,0,0,fraude electoral,Pares,https://www.pares.com.co/post/un-balance-nacional-de-estas-elecciones-locales-2019,,,,,,,,,,,
27001,29oct2019,0,0,otro - irregularidad en manejo de material electoral,Siglo Data,http://co.mmi-e.com/visor.php?tipo=radio&id=TXpNMU9UQT0=&zona_id=5&ano=2019&mes=10,,,,,,,,,,,
27361,26oct2019,0,0,trashumancia,Siglo Data,https://www.rcnradio.com/colombia/pacifico/trashumancia-electoral-en-istmina-la-nueva-alerta-que-se-prendio-en-choco,,http://co.mmi-e.com/visor.php?tipo=tv&id=TVRreU16WT0=&zona_id=5&ano=2019&mes=10,,,,,,,,,
27361,27/10/2019,0,0,trashumancia,CNE,https://www.bluradio.com/nacion/ojo-estas-son-las-novedades-reportadas-en-el-inicio-de-la-jornada-electoral,,,,,,,,,,,
27361,27/10/2019,0,0,trashumancia,Pares,https://www.pares.com.co/post/un-balance-nacional-de-estas-elecciones-locales-2019,,,,,,,,,,,
27413,27oct2019,0,0,disturbio dia elecciones,Siglo Data,https://www.eltiempo.com/colombia/otras-ciudades/elecciones-2019-disturbios-opacaron-elecciones-en-boyaca-choco-y-magdalena-427770,,,,,,,,,,,
27413,29oct2019,0,0,disturbio post,Siglo Data,http://co.mmi-e.com/visor.php?tipo=radio&id=TXpNMU9UQT0=&zona_id=5&ano=2019&mes=10,,,,,,,,,,,
41013,27/10/2019,0,0,intimidacion al votante,Pares,https://www.pares.com.co/post/un-balance-nacional-de-estas-elecciones-locales-2019,,,,,,,,,,,
41013, 11/1/2019,0,0,fraude electoral,Siglo Data,https://opanoticias.com/doce-meridiano/denuncian-irregularidades-en-proceso-de-escrutinios-en-el-agrado/9490,,,,,,,,,,,
41298, 11/5/2019,0,0,fraude electoral,Siglo Data,http://co.mmi-e.com/visor.php?tipo=radio&id=TXpjeU9RPT0=&zona_id=5&ano=2019&mes=11,,,,,,,,,,,
44035,27/10/2019,0,0,"compra de votos, disturbio dia eleccion",Pares,https://www.pares.com.co/post/un-balance-nacional-de-estas-elecciones-locales-2019,,,,,,,,,,,
44078,26oct2019,0,0,disturbio pre / disturbios día elecciones,Siglo Data,http://co.mmi-e.com/accesopdf.php?RUTA=VOLSNFS/disk11/zona_5/pdf/2019/A/20191026HR002.PDF,http://co.mmi-e.com/accesopdf.php?RUTA=VOLSNFS/disk11/zona_5/pdf/2019/A/20191026HR003.PDF,,,,,,,,,,
44078,27/10/2019,0,0,suplantacion votantes,Pares,https://www.pares.com.co/post/un-balance-nacional-de-estas-elecciones-locales-2019,,,,,,,,,,,
44078,26oct2019,0,0,disturbio pre,Siglo Data,http://co.mmi-e.com/accesopdf.php?RUTA=VOLSNFS/disk11/zona_5/pdf/2019/A/20191029MA851.PDF,http://co.mmi-e.com/accesopdf.php?RUTA=VOLSNFS/disk11/zona_5/pdf/2019/A/20191029MA852.PDF,,,,,,,,,,
44078,26oct2019,0,1,trashumancia,Siglo Data,http://co.mmi-e.com/accesopdf.php?RUTA=VOLSNFS/disk11/zona_5/pdf/2019/A/20191026HR002.PDF,http://co.mmi-e.com/accesopdf.php?RUTA=VOLSNFS/disk11/zona_5/pdf/2019/A/20191026HR003.PDF,,,,,,,,,,
44110,26oct2019,0,1,trashumancia,Siglo Data,http://co.mmi-e.com/accesopdf.php?RUTA=VOLSNFS/disk11/zona_5/pdf/2019/A/20191026HR002.PDF,http://co.mmi-e.com/accesopdf.php?RUTA=VOLSNFS/disk11/zona_5/pdf/2019/A/20191026HR003.PDF,,,,,,,,,,
44378,26oct2019,0,0,disturbio pre,Siglo Data,http://co.mmi-e.com/accesopdf.php?RUTA=VOLSNFS/disk11/zona_5/pdf/2019/A/20191029MA851.PDF,http://co.mmi-e.com/accesopdf.php?RUTA=VOLSNFS/disk11/zona_5/pdf/2019/A/20191029MA852.PDF,,,,,,,,,,
44378,27/10/2019,0,0,"intimidacion al votante, compra de votos, suplantacion de votantes",Pares,https://www.pares.com.co/post/un-balance-nacional-de-estas-elecciones-locales-2019,,,,,,,,,,,
44378,26oct2019,0,0,disturbio pre,Siglo Data,http://co.mmi-e.com/accesopdf.php?RUTA=VOLSNFS/disk11/zona_5/pdf/2019/A/20191026HR002.PDF,http://co.mmi-e.com/accesopdf.php?RUTA=VOLSNFS/disk11/zona_5/pdf/2019/A/20191026HR003.PDF,,,,,,,,,,
44560,26oct2019,0,1,trashumancia,Siglo Data,http://co.mmi-e.com/accesopdf.php?RUTA=VOLSNFS/disk11/zona_5/pdf/2019/A/20191026HR002.PDF,http://co.mmi-e.com/accesopdf.php?RUTA=VOLSNFS/disk11/zona_5/pdf/2019/A/20191026HR003.PDF,,,,,,,,,,
44855,26oct2019,0,0,disturbio pre,Siglo Data,http://co.mmi-e.com/accesopdf.php?RUTA=VOLSNFS/disk11/zona_5/pdf/2019/A/20191026HR002.PDF,http://co.mmi-e.com/accesopdf.php?RUTA=VOLSNFS/disk11/zona_5/pdf/2019/A/20191026HR003.PDF,,http://co.mmi-e.com/accesopdf.php?RUTA=VOLSNFS/disk11/zona_5/pdf/2019/A/20191029MA851.PDF,http://co.mmi-e.com/accesopdf.php?RUTA=VOLSNFS/disk11/zona_5/pdf/2019/A/20191029MA852.PDF,,,,,,,
44855,26oct2019,0,0,disturbio pre,Siglo Data,http://co.mmi-e.com/accesopdf.php?RUTA=VOLSNFS/disk11/zona_5/pdf/2019/A/20191029MA851.PDF,http://co.mmi-e.com/accesopdf.php?RUTA=VOLSNFS/disk11/zona_5/pdf/2019/A/20191029MA852.PDF,,,,,,,,,,
44855,26oct2019,0,1,trashumancia,Siglo Data,http://co.mmi-e.com/accesopdf.php?RUTA=VOLSNFS/disk11/zona_5/pdf/2019/A/20191026HR002.PDF,http://co.mmi-e.com/accesopdf.php?RUTA=VOLSNFS/disk11/zona_5/pdf/2019/A/20191026HR003.PDF,,,,,,,,,,
47058,28oct2019,1,0,otro - irregularidad en manejo de material electoral,Siglo Data,http://co.mmi-e.com/accesopdf.php?RUTA=VOLSNFS/disk11/zona_5/pdf/2019/A/20191028PI005.PDF,http://co.mmi-e.com/accesopdf.php?RUTA=VOLSNFS/disk11/zona_5/pdf/2019/A/20191028PI006.PDF,,,,,,,,,,
47205,26oct2019,0,0,trashumancia,Siglo Data,http://co.mmi-e.com/accesopdf.php?RUTA=VOLSNFS/disk11/zona_5/pdf/2019/A/20191026HR002.PDF,http://co.mmi-e.com/accesopdf.php?RUTA=VOLSNFS/disk11/zona_5/pdf/2019/A/20191026HR003.PDF,,,,,,,,,,
47268,26oct2019,0,0,intimidacion candidato,Siglo Data,http://co.mmi-e.com/accesopdf.php?RUTA=VOLSNFS/disk11/zona_5/pdf/2019/A/20191026HR002.PDF,http://co.mmi-e.com/accesopdf.php?RUTA=VOLSNFS/disk11/zona_5/pdf/2019/A/20191026HR003.PDF,,,,,,,,,,
47460,26oct2019,0,0,intimidacion candidato,Siglo Data,http://co.mmi-e.com/accesopdf.php?RUTA=VOLSNFS/disk11/zona_5/pdf/2019/A/20191026HR002.PDF,http://co.mmi-e.com/accesopdf.php?RUTA=VOLSNFS/disk11/zona_5/pdf/2019/A/20191026HR003.PDF,,,,,,,,,,
47545,27/10/2019,0,0,"disturbio dia de elecciones, intimidacion al votante",Pares,https://www.pares.com.co/post/un-balance-nacional-de-estas-elecciones-locales-2019,,,,,,,,,,,
47545,27oct2019,0,0,disturbio dia elecciones,Siglo Data,https://www.eltiempo.com/colombia/otras-ciudades/elecciones-2019-disturbios-opacaron-elecciones-en-boyaca-choco-y-magdalena-427770,,,,,,,,,,,
47545,29oct2019,0,0,disturbio dia elecciones,Siglo Data,http://www.eje21.com.co/2019/10/incendian-alcaldia-colombiana-en-protestas-por-los-resultados-electorales/,https://www.elpais.com.co/colombia/incendian-alcaldia-de-nechi-antioquia-en-protestas-por-los-resultados-electorales.html,,,,,,,,,,
47545,27oct2019,0,1,disturbio dia elecciones,Siglo Data,https://barrancabermeja.extra.com.co/noticias/judicial/supendieron-votaciones-en-dos-municipios-del-magdalena-por-l-570003,https://boyaca.extra.com.co/noticias/judicial/supendieron-votaciones-en-dos-municipios-del-magdalena-por-l-570003,https://cali.extra.com.co/noticias/judicial/supendieron-votaciones-en-dos-municipios-del-magdalena-por-l-570003,https://caqueta.extra.com.co/noticias/judicial/supendieron-votaciones-en-dos-municipios-del-magdalena-por-l-570003,,,,,,,,
47545,27oct2019,0,1,trashumancia,Siglo Data,https://barrancabermeja.extra.com.co/noticias/judicial/supendieron-votaciones-en-dos-municipios-del-magdalena-por-l-570003,https://boyaca.extra.com.co/noticias/judicial/supendieron-votaciones-en-dos-municipios-del-magdalena-por-l-570003,https://cali.extra.com.co/noticias/judicial/supendieron-votaciones-en-dos-municipios-del-magdalena-por-l-570003,https://caqueta.extra.com.co/noticias/judicial/supendieron-votaciones-en-dos-municipios-del-magdalena-por-l-570003,,,,,,,,
47545,27/10/2019,0,0,disturbio dia elecciones,CNE,https://www.lafm.com.co/politica/elecciones-2019-asi-avanza-jornada-electoral-en-colombia,,,,,,,,,,,
47555, 11/2/2019,0,0,fraude electoral,Siglo Data,https://diariolalibertad.com/sitio/2019/11/02/denuncian-que-en-plato-se-estaria-cocinando-un-fraude-electoral-en-los-escrutinios/,,,,,,,,,,,
47692,26oct2019,0,0,intimidacion candidato,Siglo Data,http://co.mmi-e.com/accesopdf.php?RUTA=VOLSNFS/disk11/zona_5/pdf/2019/A/20191026HR002.PDF,http://co.mmi-e.com/accesopdf.php?RUTA=VOLSNFS/disk11/zona_5/pdf/2019/A/20191026HR003.PDF,,,,,,,,,,
50318,27/10/2019,0,0,intimidacion candidato,CNE,https://www.bluradio.com/nacion/ojo-estas-son-las-novedades-reportadas-en-el-inicio-de-la-jornada-electoral,,,,,,,,,,,
50350,27/10/2019,0,0,intimidacion al votante,CNE,https://www.rcnradio.com/colombia/llanos/por-explosivos-trasladan-mesa-en-zona-rural-de-la-macarena-meta,,,,,,,,,,,
50350,27/10/2019,0,0,intimidacion al votante,Pares,https://www.pares.com.co/post/un-balance-nacional-de-estas-elecciones-locales-2019,,,,,,,,,,,
52051,26oct2019,0,0,amenaza candidatos,Siglo Data,http://co.mmi-e.com/accesopdf.php?RUTA=VOLSNFS/disk11/zona_5/pdf/2019/A/20191026DS006.PDF,http://co.mmi-e.com/accesopdf.php?RUTA=VOLSNFS/disk11/zona_5/pdf/2019/A/20191026DS007.PDF,,,,,,,,,,
52110,26oct2019,0,0,intimidacion al votante,Siglo Data,http://co.mmi-e.com/accesopdf.php?RUTA=VOLSNFS/disk11/zona_5/pdf/2019/A/20191026DS006.PDF,http://co.mmi-e.com/accesopdf.php?RUTA=VOLSNFS/disk11/zona_5/pdf/2019/A/20191026DS007.PDF,,,,,,,,,,
52240,26oct2019,0,0,amenaza candidatos,Siglo Data,http://co.mmi-e.com/accesopdf.php?RUTA=VOLSNFS/disk11/zona_5/pdf/2019/A/20191026DS006.PDF,http://co.mmi-e.com/accesopdf.php?RUTA=VOLSNFS/disk11/zona_5/pdf/2019/A/20191026DS007.PDF,,,,,,,,,,
52256, 11/7/2019,0,0,trashumancia,Siglo Data,http://co.mmi-e.com/accesopdf.php?RUTA=VOLSNFS/disk11/zona_5/pdf/2019/B/20191107DS000.PDF,http://co.mmi-e.com/accesopdf.php?RUTA=VOLSNFS/disk11/zona_5/pdf/2019/B/20191107DS006.PDF,http://co.mmi-e.com/accesopdf.php?RUTA=VOLSNFS/disk11/zona_5/pdf/2019/B/20191107DS007.PDF,http://co.mmi-e.com/visor.php?tipo=radio&id=TWpnNE1EUT0=&zona_id=5&ano=2019&mes=10,https://diariodelsur.com.co/noticias/pol%C3%ADtica/investigacion-en-5-municipios-por-presunta-compra-de-votos-e-572776,https://extra.com.co/noticias/pol%C3%ADtica/investigacion-en-5-municipios-por-presunta-compra-de-votos-e-572776,,,,,,
52256,27/10/2019,0,0,trashumancia,Pares,https://www.pares.com.co/post/un-balance-nacional-de-estas-elecciones-locales-2019,,,,,,,,,,,
52256, 11/7/2019,0,0,compra de votos,Siglo Data,http://co.mmi-e.com/accesopdf.php?RUTA=VOLSNFS/disk11/zona_5/pdf/2019/B/20191107DS000.PDF,http://co.mmi-e.com/accesopdf.php?RUTA=VOLSNFS/disk11/zona_5/pdf/2019/B/20191107DS006.PDF,http://co.mmi-e.com/accesopdf.php?RUTA=VOLSNFS/disk11/zona_5/pdf/2019/B/20191107DS007.PDF,http://co.mmi-e.com/visor.php?tipo=radio&id=TWpnNE1EUT0=&zona_id=5&ano=2019&mes=10,https://diariodelsur.com.co/noticias/pol%C3%ADtica/investigacion-en-5-municipios-por-presunta-compra-de-votos-e-572776,https://extra.com.co/noticias/pol%C3%ADtica/investigacion-en-5-municipios-por-presunta-compra-de-votos-e-572776,,,,,,
52256,27/10/2019,0,0,compra de votos,CNE,https://www.lafm.com.co/politica/se-han-presentado-mas-de-800-denuncias-por-fraude-electoral-fiscalia,,,,,,,,,,,
52320,26oct2019,0,0,intimidacion candidato,Siglo Data,http://co.mmi-e.com/accesopdf.php?RUTA=VOLSNFS/disk11/zona_5/pdf/2019/A/20191026DS006.PDF,http://co.mmi-e.com/accesopdf.php?RUTA=VOLSNFS/disk11/zona_5/pdf/2019/A/20191026DS007.PDF,,,,,,,,,,
52560,26oct2019,0,0,otro - autosecuestro,Siglo Data,http://co.mmi-e.com/accesopdf.php?RUTA=VOLSNFS/disk11/zona_5/pdf/2019/A/20191026DS006.PDF,http://co.mmi-e.com/accesopdf.php?RUTA=VOLSNFS/disk11/zona_5/pdf/2019/A/20191026DS007.PDF,,,,,,,,,,
52699, 11/7/2019,0,0,fraude electoral,Siglo Data,http://co.mmi-e.com/accesopdf.php?RUTA=VOLSNFS/disk11/zona_5/pdf/2019/B/20191107DS000.PDF,http://co.mmi-e.com/accesopdf.php?RUTA=VOLSNFS/disk11/zona_5/pdf/2019/B/20191107DS006.PDF,http://co.mmi-e.com/accesopdf.php?RUTA=VOLSNFS/disk11/zona_5/pdf/2019/B/20191107DS007.PDF,,,,,,,,,
52699, 11/7/2019,0,0,disturbio post,Siglo Data,http://co.mmi-e.com/accesopdf.php?RUTA=VOLSNFS/disk11/zona_5/pdf/2019/B/20191107DS000.PDF,http://co.mmi-e.com/accesopdf.php?RUTA=VOLSNFS/disk11/zona_5/pdf/2019/B/20191107DS006.PDF,http://co.mmi-e.com/accesopdf.php?RUTA=VOLSNFS/disk11/zona_5/pdf/2019/B/20191107DS007.PDF,,,,,,,,,
52699, 11/7/2019,0,0,compra de votos,Siglo Data,http://co.mmi-e.com/accesopdf.php?RUTA=VOLSNFS/disk11/zona_5/pdf/2019/B/20191107DS000.PDF,http://co.mmi-e.com/accesopdf.php?RUTA=VOLSNFS/disk11/zona_5/pdf/2019/B/20191107DS006.PDF,http://co.mmi-e.com/accesopdf.php?RUTA=VOLSNFS/disk11/zona_5/pdf/2019/B/20191107DS007.PDF,https://diariodelsur.com.co/noticias/pol%C3%ADtica/investigacion-en-5-municipios-por-presunta-compra-de-votos-e-572776,https://extra.com.co/noticias/pol%C3%ADtica/investigacion-en-5-municipios-por-presunta-compra-de-votos-e-572776,,,,,,,
52699, 11/7/2019,0,0,disturbio post,Siglo Data,http://co.mmi-e.com/accesopdf.php?RUTA=VOLSNFS/disk11/zona_5/pdf/2019/B/20191107DS000.PDF,http://co.mmi-e.com/accesopdf.php?RUTA=VOLSNFS/disk11/zona_5/pdf/2019/B/20191107DS006.PDF,http://co.mmi-e.com/accesopdf.php?RUTA=VOLSNFS/disk11/zona_5/pdf/2019/B/20191107DS007.PDF,,,,,,,,,
52786, 11/7/2019,0,0,compra de votos,Siglo Data,http://co.mmi-e.com/accesopdf.php?RUTA=VOLSNFS/disk11/zona_5/pdf/2019/B/20191107DS000.PDF,http://co.mmi-e.com/accesopdf.php?RUTA=VOLSNFS/disk11/zona_5/pdf/2019/B/20191107DS006.PDF,http://co.mmi-e.com/accesopdf.php?RUTA=VOLSNFS/disk11/zona_5/pdf/2019/B/20191107DS007.PDF,https://diariodelsur.com.co/noticias/pol%C3%ADtica/investigacion-en-5-municipios-por-presunta-compra-de-votos-e-572776,https://extra.com.co/noticias/pol%C3%ADtica/investigacion-en-5-municipios-por-presunta-compra-de-votos-e-572776,,,,,,,
54172,29oct2019,0,0,trashumancia,Siglo Data,https://www.wradio.com.co/noticias/regionales/incertidumbre-en-chinacota-por-posible-fraude-electoral/20191029/nota/3972801.aspx,,,,,,,,,,,
54172,29oct2019,0,0,fraude electoral,Siglo Data,https://www.wradio.com.co/noticias/regionales/incertidumbre-en-chinacota-por-posible-fraude-electoral/20191029/nota/3972801.aspx,,,,,,,,,,,
54206,27/10/2019,0,0,otro,Pares,https://www.pares.com.co/post/un-balance-nacional-de-estas-elecciones-locales-2019,,,,,,,,,,,
54405, 11/7/2019,0,0,fraude electoral,Siglo Data,https://www.laopinion.com.co/politica/investigan-anomalias-en-los-escrutinios-de-los-patios-186686,,,,,,,,,,,
54874,27/10/2019,0,0,disturbio dia de elecciones,Pares,https://www.pares.com.co/post/un-balance-nacional-de-estas-elecciones-locales-2019,,,,,,,,,,,
66572,27/10/2019,0,0,amenaza candidatos,CNE,https://www.lafm.com.co/politica/elecciones-2019-asi-avanza-jornada-electoral-en-colombia,,,,,,,,,,,
66572,27oct2019,0,0,amenaza candidatos,Siglo Data,http://co.mmi-e.com/visor.php?tipo=radio&id=TXpBek56VT0=&zona_id=5&ano=2019&mes=10,,,,,,,,,,,
66594,28oct2019,1,0,otro - irregularidad en manejo de material electoral,Siglo Data,http://co.mmi-e.com/accesopdf.php?RUTA=VOLSNFS/disk11/zona_5/pdf/2019/A/20191028PI005.PDF,http://co.mmi-e.com/accesopdf.php?RUTA=VOLSNFS/disk11/zona_5/pdf/2019/A/20191028PI006.PDF,,,,,,,,,,
66682,27oct2019,0,0,intimidacion candidato,Siglo Data,http://co.mmi-e.com/visor.php?tipo=radio&id=TXpBek56VT0=&zona_id=5&ano=2019&mes=10,,,,,,,,,,,
68101,26oct2019,0,0,intimidacion candidato,Siglo Data,http://co.mmi-e.com/visor.php?tipo=radio&id=TXpBek16Yz0=&zona_id=5&ano=2019&mes=10,,,,,,,,,,,
68575,29oct2019,0,0,disturbio post,Siglo Data,http://co.mmi-e.com/visor.php?tipo=radio&id=TXpJd01Uaz0=&zona_id=5&ano=2019&mes=10,http://co.mmi-e.com/visor.php?tipo=radio&id=TXpJMU16VT0=&zona_id=5&ano=2019&mes=10,http://co.mmi-e.com/visor.php?tipo=tv&id=TWpBNE5qaz0=&zona_id=5&ano=2019&mes=10,,,,,,,,,
68575,29oct2019,0,0,compra de votos,Siglo Data,http://co.mmi-e.com/visor.php?tipo=radio&id=TXpJd01Uaz0=&zona_id=5&ano=2019&mes=10,http://co.mmi-e.com/visor.php?tipo=radio&id=TXpJMU16VT0=&zona_id=5&ano=2019&mes=10,http://co.mmi-e.com/visor.php?tipo=tv&id=TWpBNE5qaz0=&zona_id=5&ano=2019&mes=10,,,,,,,,,
68575,29oct2019,0,0,fraude electoral,Siglo Data,http://co.mmi-e.com/visor.php?tipo=radio&id=TXpJd01Uaz0=&zona_id=5&ano=2019&mes=10,,,,,,,,,,,
68575,29oct2019,0,0,intimidacion al votante,Siglo Data,http://co.mmi-e.com/visor.php?tipo=radio&id=TXpJd01Uaz0=&zona_id=5&ano=2019&mes=10,http://co.mmi-e.com/visor.php?tipo=radio&id=TXpJMU16VT0=&zona_id=5&ano=2019&mes=10,http://co.mmi-e.com/visor.php?tipo=tv&id=TWpBNE5qaz0=&zona_id=5&ano=2019&mes=10,,,,,,,,,
68655,29oct2019,0,0,disturbio post,Siglo Data,http://co.mmi-e.com/visor.php?tipo=radio&id=TXpJd01Uaz0=&zona_id=5&ano=2019&mes=10,,,,,,,,,,,
68655,29oct2019,0,0,fraude electoral,Siglo Data,http://co.mmi-e.com/visor.php?tipo=radio&id=TXpJd01Uaz0=&zona_id=5&ano=2019&mes=10,,,,,,,,,,,
68655,27/10/2019,0,0,intimidacion candidato,CNE,https://www.lafm.com.co/politica/elecciones-2019-asi-avanza-jornada-electoral-en-colombia,,,,,,,,,,,
68655,29oct2019,0,0,disturbio post,Siglo Data,http://co.mmi-e.com/visor.php?tipo=tv&id=TWpBNE5qaz0=&zona_id=5&ano=2019&mes=10,,,,,,,,,,,
70235,26oct2019,0,0,disturbio pre,Siglo Data,http://co.mmi-e.com/accesopdf.php?RUTA=VOLSNFS/disk11/zona_5/pdf/2019/A/20191026HR002.PDF,http://co.mmi-e.com/accesopdf.php?RUTA=VOLSNFS/disk11/zona_5/pdf/2019/A/20191026HR003.PDF,,,,,,,,,,
70429,27/10/2019,0,0,compra de votos,Pares,https://www.pares.com.co/post/un-balance-nacional-de-estas-elecciones-locales-2019,,,,,,,,,,,
70508,27/10/2019,0,0,disturbio dia de elecciones,Pares,https://www.pares.com.co/post/un-balance-nacional-de-estas-elecciones-locales-2019,,,,,,,,,,,
70508,27/10/2019,0,0,Disturbio dia elecciones,CNE,https://www.radionacional.co/noticia/actualidad/elecciones-regionales-resultados,,,,,,,,,,,
70678,27/10/2019,0,0,compra de votos,Pares,https://www.pares.com.co/post/un-balance-nacional-de-estas-elecciones-locales-2019,,,,,,,,,,,
70713,27/10/2019,0,0,compra de votos,Pares,https://www.pares.com.co/post/un-balance-nacional-de-estas-elecciones-locales-2019,,,,,,,,,,,
70742,26oct2019,0,0,disturbio pre,Siglo Data,http://co.mmi-e.com/accesopdf.php?RUTA=VOLSNFS/disk11/zona_5/pdf/2019/A/20191026HR002.PDF,http://co.mmi-e.com/accesopdf.php?RUTA=VOLSNFS/disk11/zona_5/pdf/2019/A/20191026HR003.PDF,,,,,,,,,,
73555,27/10/2019,0,0,disturbio dia de elecciones,Pares,https://www.pares.com.co/post/un-balance-nacional-de-estas-elecciones-locales-2019,,,,,,,,,,,
76111,27oct2019,1,0,compra de votos,Siglo Data,https://bogota.extra.com.co/noticias/nacional/la-moe-recibio-denuncias-de-ocho-municipios-del-valle-por-pr-570001,https://cali.extra.com.co/noticias/nacional/la-moe-recibio-denuncias-de-ocho-municipios-del-valle-por-pr-570001,https://casanare.extra.com.co/noticias/nacional/la-moe-recibio-denuncias-de-ocho-municipios-del-valle-por-pr-570001,https://cauca.extra.com.co/noticias/nacional/la-moe-recibio-denuncias-de-ocho-municipios-del-valle-por-pr-570001,https://extra.com.co/noticias/nacional/la-moe-recibio-denuncias-de-ocho-municipios-del-valle-por-pr-570002,https://girardot.extra.com.co/noticias/nacional/la-moe-recibio-denuncias-de-ocho-municipios-del-valle-por-pr-570001,https://hsbnoticias.com/noticias/nacional/la-moe-recibio-denuncias-de-ocho-municipios-del-valle-por-pr-570001,https://huila.extra.com.co/noticias/nacional/la-moe-recibio-denuncias-de-ocho-municipios-del-valle-por-pr-570001,https://ibague.extra.com.co/noticias/nacional/la-moe-recibio-denuncias-de-ocho-municipios-del-valle-por-pr-570001,https://ladorada.extra.com.co/noticias/nacional/la-moe-recibio-denuncias-de-ocho-municipios-del-valle-por-pr-570001,https://palmira.extra.com.co/noticias/nacional/la-moe-recibio-denuncias-de-ocho-municipios-del-valle-por-pr-570001,https://pasto.extra.com.co/noticias/nacional/la-moe-recibio-denuncias-de-ocho-municipios-del-valle-por-pr-570001
76113,27oct2019,1,0,compra de votos,Siglo Data,https://bogota.extra.com.co/noticias/nacional/la-moe-recibio-denuncias-de-ocho-municipios-del-valle-por-pr-570001,https://cali.extra.com.co/noticias/nacional/la-moe-recibio-denuncias-de-ocho-municipios-del-valle-por-pr-570001,https://casanare.extra.com.co/noticias/nacional/la-moe-recibio-denuncias-de-ocho-municipios-del-valle-por-pr-570001,https://cauca.extra.com.co/noticias/nacional/la-moe-recibio-denuncias-de-ocho-municipios-del-valle-por-pr-570001,https://extra.com.co/noticias/nacional/la-moe-recibio-denuncias-de-ocho-municipios-del-valle-por-pr-570002,https://girardot.extra.com.co/noticias/nacional/la-moe-recibio-denuncias-de-ocho-municipios-del-valle-por-pr-570001,https://hsbnoticias.com/noticias/nacional/la-moe-recibio-denuncias-de-ocho-municipios-del-valle-por-pr-570001,https://huila.extra.com.co/noticias/nacional/la-moe-recibio-denuncias-de-ocho-municipios-del-valle-por-pr-570001,https://ibague.extra.com.co/noticias/nacional/la-moe-recibio-denuncias-de-ocho-municipios-del-valle-por-pr-570001,https://ladorada.extra.com.co/noticias/nacional/la-moe-recibio-denuncias-de-ocho-municipios-del-valle-por-pr-570001,https://palmira.extra.com.co/noticias/nacional/la-moe-recibio-denuncias-de-ocho-municipios-del-valle-por-pr-570001,https://pasto.extra.com.co/noticias/nacional/la-moe-recibio-denuncias-de-ocho-municipios-del-valle-por-pr-570001
76233,27oct2019,1,0,compra de votos,Siglo Data,https://bogota.extra.com.co/noticias/nacional/la-moe-recibio-denuncias-de-ocho-municipios-del-valle-por-pr-570001,https://cali.extra.com.co/noticias/nacional/la-moe-recibio-denuncias-de-ocho-municipios-del-valle-por-pr-570001,https://casanare.extra.com.co/noticias/nacional/la-moe-recibio-denuncias-de-ocho-municipios-del-valle-por-pr-570001,https://cauca.extra.com.co/noticias/nacional/la-moe-recibio-denuncias-de-ocho-municipios-del-valle-por-pr-570001,https://extra.com.co/noticias/nacional/la-moe-recibio-denuncias-de-ocho-municipios-del-valle-por-pr-570002,https://girardot.extra.com.co/noticias/nacional/la-moe-recibio-denuncias-de-ocho-municipios-del-valle-por-pr-570001,https://hsbnoticias.com/noticias/nacional/la-moe-recibio-denuncias-de-ocho-municipios-del-valle-por-pr-570001,https://huila.extra.com.co/noticias/nacional/la-moe-recibio-denuncias-de-ocho-municipios-del-valle-por-pr-570001,https://ibague.extra.com.co/noticias/nacional/la-moe-recibio-denuncias-de-ocho-municipios-del-valle-por-pr-570001,https://ladorada.extra.com.co/noticias/nacional/la-moe-recibio-denuncias-de-ocho-municipios-del-valle-por-pr-570001,https://palmira.extra.com.co/noticias/nacional/la-moe-recibio-denuncias-de-ocho-municipios-del-valle-por-pr-570001,https://pasto.extra.com.co/noticias/nacional/la-moe-recibio-denuncias-de-ocho-municipios-del-valle-por-pr-570001
76318,27oct2019,0,0,intimidacion al votante,Siglo Data,https://bogota.extra.com.co/noticias/nacional/la-moe-recibio-denuncias-de-ocho-municipios-del-valle-por-pr-570001,https://cali.extra.com.co/noticias/nacional/la-moe-recibio-denuncias-de-ocho-municipios-del-valle-por-pr-570001,https://casanare.extra.com.co/noticias/nacional/la-moe-recibio-denuncias-de-ocho-municipios-del-valle-por-pr-570001,https://cauca.extra.com.co/noticias/nacional/la-moe-recibio-denuncias-de-ocho-municipios-del-valle-por-pr-570001,https://extra.com.co/noticias/nacional/la-moe-recibio-denuncias-de-ocho-municipios-del-valle-por-pr-570002,https://girardot.extra.com.co/noticias/nacional/la-moe-recibio-denuncias-de-ocho-municipios-del-valle-por-pr-570001,https://hsbnoticias.com/noticias/nacional/la-moe-recibio-denuncias-de-ocho-municipios-del-valle-por-pr-570001,https://huila.extra.com.co/noticias/nacional/la-moe-recibio-denuncias-de-ocho-municipios-del-valle-por-pr-570001,https://ibague.extra.com.co/noticias/nacional/la-moe-recibio-denuncias-de-ocho-municipios-del-valle-por-pr-570001,https://ladorada.extra.com.co/noticias/nacional/la-moe-recibio-denuncias-de-ocho-municipios-del-valle-por-pr-570001,https://palmira.extra.com.co/noticias/nacional/la-moe-recibio-denuncias-de-ocho-municipios-del-valle-por-pr-570001,https://pasto.extra.com.co/noticias/nacional/la-moe-recibio-denuncias-de-ocho-municipios-del-valle-por-pr-570001
76364, 11/1/2019,0,0,fraude electoral,Siglo Data,https://90minutos.co/asi-reconteo-votos-palmira-jamundi-luego-presunto-fraude-1-11-2019/,,,,,,,,,,,
76364,27/10/2019,0,0,otro,Pares,https://www.pares.com.co/post/un-balance-nacional-de-estas-elecciones-locales-2019,,,,,,,,,,,
76400,27oct2019,1,0,compra de votos,Siglo Data,https://bogota.extra.com.co/noticias/nacional/la-moe-recibio-denuncias-de-ocho-municipios-del-valle-por-pr-570001,https://cali.extra.com.co/noticias/nacional/la-moe-recibio-denuncias-de-ocho-municipios-del-valle-por-pr-570001,https://casanare.extra.com.co/noticias/nacional/la-moe-recibio-denuncias-de-ocho-municipios-del-valle-por-pr-570001,https://cauca.extra.com.co/noticias/nacional/la-moe-recibio-denuncias-de-ocho-municipios-del-valle-por-pr-570001,https://extra.com.co/noticias/nacional/la-moe-recibio-denuncias-de-ocho-municipios-del-valle-por-pr-570002,https://girardot.extra.com.co/noticias/nacional/la-moe-recibio-denuncias-de-ocho-municipios-del-valle-por-pr-570001,https://hsbnoticias.com/noticias/nacional/la-moe-recibio-denuncias-de-ocho-municipios-del-valle-por-pr-570001,https://huila.extra.com.co/noticias/nacional/la-moe-recibio-denuncias-de-ocho-municipios-del-valle-por-pr-570001,https://ibague.extra.com.co/noticias/nacional/la-moe-recibio-denuncias-de-ocho-municipios-del-valle-por-pr-570001,https://ladorada.extra.com.co/noticias/nacional/la-moe-recibio-denuncias-de-ocho-municipios-del-valle-por-pr-570001,https://palmira.extra.com.co/noticias/nacional/la-moe-recibio-denuncias-de-ocho-municipios-del-valle-por-pr-570001,https://pasto.extra.com.co/noticias/nacional/la-moe-recibio-denuncias-de-ocho-municipios-del-valle-por-pr-570001
85010,27/10/2019,0,0,compra de votos,Pares,https://www.pares.com.co/post/un-balance-nacional-de-estas-elecciones-locales-2019,,,,,,,,,,,
85225,28oct2019,0,0,disturbio dia elecciones,Siglo Data,http://co.mmi-e.com/visor.php?tipo=tv&id=TWpBd09ETT0=&zona_id=5&ano=2019&mes=10,,,,,,,,,,,
85225,28oct2019,0,0,fraude electoral,Siglo Data,http://co.mmi-e.com/visor.php?tipo=tv&id=TWpBd09ETT0=&zona_id=5&ano=2019&mes=10,,,,,,,,,,,
95001,27/10/2019,0,0,otro,Pares,https://www.pares.com.co/post/un-balance-nacional-de-estas-elecciones-locales-2019,,,,,,,,,,,
95001, 11/1/2019,0,0,amenaza candidatos,Siglo Data,https://caracol.com.co/radio/2019/11/01/regional/1572618367_806933.html,,,,,,,,,,,
